url,response,exception
instagram.com/p/C8WvzSAIA90,"{""reel_url"": ""https://www.instagram.com/p/C8WvzSAIA90"", ""fashion"": {""Kids T-shirts"": {""colors"": [""White"", ""Black""], ""patterns"": [""Striped""], ""brands"": [""HM""]}, ""Kids Shorts"": {""colors"": [""White"", ""Black""], ""patterns"": [""Striped""], ""brands"": [""HM""]}, ""Kids Sneakers"": {""colors"": [""Grey""], ""patterns"": [], ""brands"": [""HM""]}}, ""comment"": """", ""category_mix"": {}, ""classification"": ""kids_clothes""}"
instagram.com/p/C8TuZImIvYT,"{""reel_url"": ""https://www.instagram.com/p/C8TuZImIvYT"", ""fashion"": {""Kids Caps"": {""colors"": [""Beige"", ""Black""], ""patterns"": [""Floral""], ""brands"": [""H&M""]}, ""Kids Tops"": {""colors"": [""Black"", ""Grey""], ""patterns"": [], ""brands"": [""H&M""]}}, ""comment"": """", ""category_mix"": {}, ""classification"": ""kids_clothes""}"
instagram.com/p/C8G3kB3MAIu,"{""reel_url"": ""https://www.instagram.com/p/C8G3kB3MAIu"", ""fashion"": {""Kids T-shirts"": {""colors"": [""Yellow"", ""Green"", ""Blue"", ""White""], ""patterns"": [], ""brands"": [""H&M""]}}, ""comment"": """", ""category_mix"": {}, ""classification"": ""kids_clothes""}"
instagram.com/p/C8EuO5RKaoJ,"{""reel_url"": ""https://www.instagram.com/p/C8EuO5RKaoJ"", ""fashion"": {""Kids Football Shirts"": {""colors"": [""Black"", ""White""], ""patterns"": [], ""brands"": [""H&M""]}, ""Kids Bows"": {""colors"": [""Black""], ""patterns"": [], ""brands"": []}}, ""comment"": """", ""category_mix"": {}, ""classification"": ""kids_clothes""}"
instagram.com/p/C8ESxUDqrI7,"{""reel_url"": ""https://www.instagram.com/p/C8ESxUDqrI7"", ""brands"": [""H&M""], ""verticals"": {""fashion"": {""Teen T-shirts"": {""colors"": [""Red"", ""Yellow"", ""Black""], ""patterns"": [], ""brands"": [""H&M""]}, ""Kids T-shirts"": {""colors"": [""White"", ""Black"", ""Yellow""], ""patterns"": [], ""brands"": [""H&M""]}, ""Teen Skirts"": {""colors"": [""Black""], ""patterns"": [], ""brands"": [""H&M""]}, ""Kids Shorts"": {""colors"": [""Beige""], ""patterns"": [], ""brands"": [""H&M""]}}}, ""comment"": """", ""category_mix"": {""fashion"": [""Clothing""]}, ""classification"": ""kids_clothes""}"
instagram.com/p/C76oykQKv-H,"{""reel_url"": ""https://www.instagram.com/p/C76oykQKv-H"", ""brands"": [""H&M""], ""verticals"": {""fashion"": {""Kids Caps"": {""colors"": [""Blue""], ""patterns"": [], ""brands"": [""H&M""]}, ""Kids Swimwear"": {""colors"": [""Blue""], ""patterns"": [], ""brands"": [""H&M""]}}}, ""comment"": """", ""category_mix"": {""fashion"": [""Clothing""]}, ""classification"": ""kids_clothes""}"
instagram.com/p/C76bDe0q98V,"{""reel_url"": ""https://www.instagram.com/p/C76bDe0q98V"", ""fashion"": {""Kids Swimwear"": {""colors"": [""Brown"", ""Beige""], ""patterns"": [""Ditsy""], ""brands"": [""H&M""]}}, ""comment"": """", ""category_mix"": {}, ""classification"": ""kids_clothes""}"
instagram.com/p/C75_ls-qY7H,"{""reel_url"": ""https://www.instagram.com/p/C75_ls-qY7H"", ""fashion"": {""Kids Sunglasses"": {""colors"": [""Pink"", ""White""], ""patterns"": [], ""brands"": [""H&M""]}, ""Kids Swimwear"": {""type"": ""object"", ""description"": ""Brands, patterns and colours of the products."", ""properties"": {""Kids UPF 50 swim top"": {""colors"": [""Green""], ""patterns"": [], ""brands"": [""H&M""]}, ""Kids Swim shorts"": {""colors"": [""Blue"", ""Navy""], ""patterns"": [], ""brands"": [""H&M""]}}}}, ""comment"": """", ""category_mix"": {}, ""classification"": ""kids_clothes""}"
instagram.com/p/C7y6bEnKPa8,Error: Invalid URL 'None': No scheme supplied. Perhaps you meant https://None?
instagram.com/p/C7yssGvKwAI,Error: Invalid URL 'None': No scheme supplied. Perhaps you meant https://None?
instagram.com/p/C7yRNGuqnu_,"{""reel_url"": ""https://www.instagram.com/p/C7yRNGuqnu_"", ""fashion"": {""Kids Dresses"": {""colors"": [""Yellow"", ""White""], ""patterns"": [""Ditsy""], ""brands"": [""H&M""]}, ""Kids Sunglasses"": {""colors"": [""Yellow""], ""brands"": [""H&M""]}}, ""comment"": """", ""category_mix"": {}, ""classification"": ""kids_clothes""}"
instagram.com/p/C7wVn5LsPox,"{""reel_url"": ""https://www.instagram.com/p/C7wVn5LsPox"", ""fashion"": {""Kids Dresses"": {""colors"": [""Yellow"", ""Pink"", ""White"", ""Beige"", ""Purple"", ""Coral""], ""patterns"": [""Floral""], ""brands"": [""H&M""]}}, ""comment"": """", ""category_mix"": {}, ""classification"": ""kids_clothes""}"
instagram.com/p/C7wH38XMjFG,"{""reel_url"": ""https://www.instagram.com/p/C7wH38XMjFG"", ""fashion"": {""Kids T-shirts"": {""colors"": [""Yellow"", ""White""], ""patterns"": [""Striped""], ""brands"": [""H&M""]}, ""Kids Shorts"": {""colors"": [""Blue""], ""patterns"": [], ""brands"": [""H&M""]}}, ""comment"": """", ""category_mix"": {}, ""classification"": ""kids_clothes""}"
instagram.com/p/C7vsaOBqvcx,"{""reel_url"": ""https://www.instagram.com/p/C7vsaOBqvcx"", ""brands"": [""H&M""], ""verticals"": {""fashion"": {""Kids Caps"": {""colors"": [""White""], ""patterns"": [], ""brands"": [""H&M""]}, ""Kids Dresses"": {""colors"": [""Yellow"", ""White""], ""patterns"": [""Floral""], ""brands"": [""H&M""]}, ""Kids Sunglasses"": {""colors"": [""Yellow""], ""patterns"": [], ""brands"": [""H&M""]}, ""Kids T-shirts"": {""colors"": [""Yellow""], ""patterns"": [], ""brands"": [""H&M""]}, ""Kids Shorts"": {""colors"": [""Yellow""], ""patterns"": [], ""brands"": [""H&M""]}}}, ""comment"": """", ""category_mix"": {""fashion"": [""Clothing""]}, ""classification"": ""kids_clothes""}"
instagram.com/p/C7onOlIqdhQ,"{""reel_url"": ""https://www.instagram.com/p/C7onOlIqdhQ"", ""brands"": [""H&M""], ""verticals"": {""fashion"": {""Kids Dresses"": {""colors"": [""Yellow"", ""Pink"", ""Purple""], ""patterns"": [""Floral""], ""brands"": [""H&M""]}}}, ""comment"": """", ""category_mix"": {""fashion"": [""Clothing""]}, ""classification"": ""kids_clothes""}"
instagram.com/p/C7oZfXyqN85,"{""reel_url"": ""https://www.instagram.com/p/C7oZfXyqN85"", ""fashion"": {""Kids Caps"": {""colors"": [""Blue""], ""patterns"": [""Striped""], ""brands"": [""H&M""]}, ""Kids Sunglasses"": {""colors"": [""White""], ""patterns"": [], ""brands"": [""H&M""]}}, ""comment"": """", ""category_mix"": {}, ""classification"": ""kids_products""}"
instagram.com/p/C7n-BlWqhDn,Error: dictionary update sequence element #0 has length 1; 2 is required
instagram.com/p/C7mCchjI1Y9,Error: Invalid URL 'None': No scheme supplied. Perhaps you meant https://None?
instagram.com/p/C7l0tbOg9M_,Error: Invalid URL 'None': No scheme supplied. Perhaps you meant https://None?
instagram.com/p/C7lZOuFAvim,"{""reel_url"": ""https://www.instagram.com/p/C7lZOuFAvim"", ""fashion"": {""Kids Tops"": {""colors"": [""Pink""], ""patterns"": [""Floral""], ""brands"": [""H&M""]}, ""Kids Shorts"": {""colors"": [""Pink""], ""patterns"": [""Floral""], ""brands"": [""H&M""]}, ""Kids Shoes"": {""colors"": [""Pink""], ""patterns"": [""Floral""], ""brands"": [""H&M""]}}, ""comment"": """", ""category_mix"": {}, ""classification"": ""kids_clothes""}"
instagram.com/p/C7g41oPo0WK,"{""reel_url"": ""https://www.instagram.com/p/C7g41oPo0WK"", ""fashion"": {""Teen T-shirts"": {""colors"": [""White""], ""patterns"": [], ""brands"": [""H&M""]}, ""Teen Trousers"": {""colors"": [""Beige""], ""patterns"": [], ""brands"": [""H&M""]}}, ""comment"": ""\n\nThis categorization is based on the visible clothing items on the teenager in the image, which are a white T-shirt and beige trousers. The #HMKids hashtag in the caption indicates the brand \""H&M.\"" No distinctive patterns are visible on the clothing items, and hence the patterns array is left empty."", ""category_mix"": {}, ""classification"": ""kids_clothes""}"
instagram.com/p/C7grHBOsDky,"{""reel_url"": ""https://www.instagram.com/p/C7grHBOsDky"", ""fashion"": {""Kids Sunglasses"": {""colors"": [""Black""], ""patterns"": [], ""brands"": [""H&M""]}, ""Kids Bags"": {""colors"": [""Beige""], ""patterns"": [], ""brands"": [""H&M""]}}, ""comment"": """", ""category_mix"": {}, ""classification"": ""kids_products""}"
instagram.com/p/C7dq2BnII0U,"{""reel_url"": ""https://www.instagram.com/p/C7dq2BnII0U"", ""brands"": [""H&M""], ""verticals"": {""fashion"": {""Kids Trousers"": {""colors"": [""Beige""], ""patterns"": [], ""brands"": [""H&M""]}, ""Kids Dresses"": {""colors"": [""White""], ""patterns"": [""Floral""], ""brands"": [""H&M""]}, ""Kids Skirts"": {""colors"": [""Beige""], ""patterns"": [], ""brands"": [""H&M""]}, ""Kids Tops"": {""colors"": [""White""], ""patterns"": [], ""brands"": [""H&M""]}}}, ""comment"": """", ""category_mix"": {""fashion"": [""Clothing""]}, ""classification"": ""kids_clothes""}"
instagram.com/p/C7WlqPMI3bZ,"{""reel_url"": ""https://www.instagram.com/p/C7WlqPMI3bZ"", ""brands"": [""H&M""], ""verticals"": {""fashion"": {""Teen Tops"": {""colors"": [""Beige"", ""White"", ""Blue"", ""Gray""], ""patterns"": [""Ditsy"", ""Striped""], ""brands"": [""H&M""]}}}, ""comment"": """", ""category_mix"": {""fashion"": [""Clothing""]}, ""classification"": ""kids_clothes""}"
instagram.com/p/C7WX7lMoFpy,"{""reel_url"": ""https://www.instagram.com/p/C7WX7lMoFpy"", ""fashion"": {""Kids Caps"": {""colors"": [""Charcoal""], ""patterns"": [], ""brands"": [""H&M""]}, ""Teen T-shirts"": {""colors"": [""Beige""], ""patterns"": [], ""brands"": [""H&M""]}, ""Teen Necklaces"": {""colors"": [""Brown""], ""patterns"": [], ""brands"": []}}, ""comment"": """", ""category_mix"": {}, ""classification"": ""kids_clothes""}"
instagram.com/p/C7V8deUs0cU,"{""reel_url"": ""https://www.instagram.com/p/C7V8deUs0cU"", ""brands"": [""H&M""], ""verticals"": {""fashion"": {""Kids Dresses"": {""colors"": [""Beige""], ""patterns"": [""Jacquard""], ""brands"": [""H&M""]}, ""Teen Formal Shirts"": {""colors"": [""White"", ""Black""], ""patterns"": [""Striped""], ""brands"": [""H&M""]}}}, ""comment"": """", ""category_mix"": {""fashion"": [""Clothing""]}, ""classification"": ""kids_clothes""}"
instagram.com/p/C7UA3gKg5Ar,"{""reel_url"": ""https://www.instagram.com/p/C7UA3gKg5Ar"", ""fashion"": {""Kids Dresses"": {""colors"": [""White"", ""Red""], ""patterns"": [""Striped""], ""brands"": [""H&M""]}}, ""comment"": """", ""category_mix"": {}, ""classification"": ""kids_clothes""}"
instagram.com/p/C7TzIW8AQYz,"{""reel_url"": ""https://www.instagram.com/p/C7TzIW8AQYz"", ""fashion"": {""Kids Caps"": {""colors"": [""White""], ""patterns"": [], ""brands"": [""H&M""]}, ""Kids Shorts"": {""colors"": [""White""], ""patterns"": [], ""brands"": [""H&M""]}, ""Kids Shoes"": {""colors"": [""White""], ""patterns"": [], ""brands"": [""H&M""]}, ""Kids Polo Shirts"": {""colors"": [""Blue""], ""patterns"": [], ""brands"": [""H&M""]}}, ""comment"": """", ""category_mix"": {}, ""classification"": ""kids_clothes""}"
instagram.com/p/C7TXqxGsiJd,"{""reel_url"": ""https://www.instagram.com/p/C7TXqxGsiJd"", ""fashion"": {""Kids Dresses"": {""colors"": [""White"", ""Red""], ""patterns"": [""Striped""], ""brands"": [""H&M""]}, ""Kids Sunglasses"": {""colors"": [""Red""], ""patterns"": [], ""brands"": [""H&M""]}}, ""comment"": """", ""category_mix"": {}, ""classification"": ""kids_clothes""}"
instagram.com/p/C7Lstpxsjq_,"{""reel_url"": ""https://www.instagram.com/p/C7Lstpxsjq_"", ""brands"": [""H&M""], ""fashion"": {""Kids Dresses"": {""colors"": [""Orange"", ""Black""], ""patterns"": [], ""brands"": [""H&M""]}}, ""comment"": """", ""category_mix"": {}, ""classification"": ""kids_clothes""}"
instagram.com/p/C7EWXmXLJFS,Error: Invalid URL 'None': No scheme supplied. Perhaps you meant https://None?
instagram.com/p/C7BZiqVMeBY,Error: Invalid URL 'None': No scheme supplied. Perhaps you meant https://None?
instagram.com/p/C6_MxY1r6fJ,"{""reel_url"": ""https://www.instagram.com/p/C6_MxY1r6fJ"", ""fashion"": {""Kids Towels"": {""colors"": [""Blue"", ""Yellow"", ""Red"", ""Pink"", ""Beige""], ""patterns"": [""Striped"", ""Polka""], ""brands"": [""HM""]}, ""Kids Toys"": {""colors"": [""Blue""], ""patterns"": [], ""brands"": [""HM""]}, ""Patterned Beach Bag"": {""colors"": [""Beige"", ""Yellow"", ""Blue"", ""Red""], ""patterns"": [], ""brands"": [""HM""]}}, ""comment"": """", ""category_mix"": {}, ""classification"": ""kids_products""}"
instagram.com/p/C6-x2X-q2G6,Error: Invalid URL 'None': No scheme supplied. Perhaps you meant https://None?
instagram.com/p/C68MgqZM4If,"{""reel_url"": ""https://www.instagram.com/p/C68MgqZM4If"", ""fashion"": {""Kids Swimwear"": {""colors"": [""Yellow"", ""Beige""], ""patterns"": [""Floral""], ""brands"": [""H&M""]}, ""Kids Formal Shirts"": {""colors"": [""Beige""], ""patterns"": [], ""brands"": [""H&M""]}}, ""comment"": """", ""category_mix"": {}, ""classification"": ""kids_clothes""}"
instagram.com/p/C65nt0lsegK,"{""reel_url"": ""https://www.instagram.com/p/C65nt0lsegK"", ""fashion"": {""Kids Swimwear"": {""colors"": [""Pink"", ""Yellow"", ""Blue"", ""Beige"", ""White""], ""patterns"": [""Floral""], ""brands"": [""H&M""]}, ""Kids Caps"": {""colors"": [""Beige""], ""patterns"": [], ""brands"": [""H&M""]}, ""Kids Dresses"": {""colors"": [""Yellow"", ""White""], ""patterns"": [""Floral""], ""brands"": [""H&M""]}, ""Kids Shorts"": {""colors"": [""Blue""], ""patterns"": [], ""brands"": [""H&M""]}}, ""comment"": """", ""category_mix"": {}, ""classification"": ""kids_clothes""}"
instagram.com/p/C6x5VPIKAGm,"{""reel_url"": ""https://www.instagram.com/p/C6x5VPIKAGm"", ""brands"": [""H&M""], ""verticals"": {""fashion"": {""Kids Swimwear"": {""colors"": [""Pink"", ""Yellow"", ""Black""], ""patterns"": [""Ditsy""]}, ""Kids Caps"": {""colors"": [""Beige""], ""patterns"": []}}}, ""comment"": """", ""category_mix"": {""fashion"": [""Clothing""]}, ""classification"": ""kids_clothes""}"
instagram.com/p/C6qK8lDMpwq,"{""reel_url"": ""https://www.instagram.com/p/C6qK8lDMpwq"", ""fashion"": {""Teen T-shirts"": {""colors"": [""Navy"", ""White""], ""patterns"": [], ""brands"": [""HM""]}}, ""comment"": """", ""category_mix"": {}, ""classification"": ""kids_clothes""}"
instagram.com/p/C6oBndcgN1u,"{""reel_url"": ""https://www.instagram.com/p/C6oBndcgN1u"", ""brands"": [""H&M""], ""verticals"": {""fashion"": {""Kids Formal Shirts"": {""colors"": [""White"", ""Blue""], ""patterns"": [""Striped""], ""brands"": [""H&M""]}}}, ""comment"": """", ""category_mix"": {""fashion"": [""Clothing""]}, ""classification"": ""kids_clothes""}"
instagram.com/p/C6gTO8BA7dB,"{""reel_url"": ""https://www.instagram.com/p/C6gTO8BA7dB"", ""brands"": [""H&M""], ""verticals"": {""fashion"": {""Kids T-shirts"": {""colors"": [""Navy""], ""patterns"": [], ""brands"": [""H&M""]}, ""Kids Skirts"": {""colors"": [""White""], ""patterns"": [], ""brands"": [""H&M""]}}}, ""comment"": """", ""category_mix"": {""fashion"": [""Clothing""]}, ""classification"": ""kids_clothes""}"
instagram.com/p/C6f3xheMYk2,Error: Invalid URL 'None': No scheme supplied. Perhaps you meant https://None?
instagram.com/p/C6d8L6SoA-8,Error: Invalid URL 'None': No scheme supplied. Perhaps you meant https://None?
instagram.com/p/C6VoBN5guA1,"{""reel_url"": ""https://www.instagram.com/p/C6VoBN5guA1"", ""fashion"": {""Kids T-shirts"": {""colors"": [""Gray""], ""patterns"": [], ""brands"": [""HMKids""]}, ""Kids Shorts"": {""colors"": [""Blue""], ""patterns"": [], ""brands"": [""HMKids""]}, ""Kids Sandals"": {""colors"": [""White"", ""Brown""], ""patterns"": [], ""brands"": [""HMKids""]}, ""Kids Sweatshirts"": {""colors"": [""White""], ""patterns"": [], ""brands"": [""HMKids""]}, ""Kids Sneakers"": {""colors"": [], ""patterns"": [], ""brands"": []}}, ""comment"": """", ""category_mix"": {}, ""classification"": ""kids_clothes""}"
instagram.com/p/C6OTI_RqElI,Error: Invalid URL 'None': No scheme supplied. Perhaps you meant https://None?
instagram.com/p/C6LOKvpq2p6,"{""reel_url"": ""https://www.instagram.com/p/C6LOKvpq2p6"", ""brands"": [""HM"", ""Miffy"", ""nijntje""], ""verticals"": {""fashion"": {""Kids T-shirts"": {""colors"": [""Grey"", ""White""], ""patterns"": [], ""brands"": [""HM""]}, ""Kids Shorts"": {""colors"": [""Blue""], ""patterns"": [], ""brands"": [""HM""]}, ""Kids Sandals"": {""colors"": [""White"", ""Brown""], ""patterns"": [], ""brands"": [""HM""]}, ""Kids Sweatshirts"": {""colors"": [""White""], ""patterns"": [], ""brands"": [""HM""]}, ""Kids Sneakers"": {""colors"": [""Blue""], ""patterns"": [], ""brands"": [""HM""]}}}, ""comment"": """", ""category_mix"": {""fashion"": [""Clothing""]}, ""classification"": ""kids_clothes""}"
instagram.com/p/C58d1whqXUB,"{""reel_url"": ""https://www.instagram.com/p/C58d1whqXUB"", ""brands"": [""HM""], ""verticals"": {""fashion"": {""Kids T-shirts"": {""colors"": [""Olive""], ""patterns"": [], ""brands"": [""HM""]}, ""Kids Trousers"": {""colors"": [""Beige""], ""patterns"": [], ""brands"": [""HM""]}}}, ""comment"": """", ""category_mix"": {""fashion"": [""Clothing""]}, ""classification"": ""kids_clothes""}"
instagram.com/p/C58QG6QKq2f,"{""reel_url"": ""https://www.instagram.com/p/C58QG6QKq2f"", ""fashion"": {""Kids Dresses"": {""colors"": [""White"", ""Red"", ""Green""], ""patterns"": [""Ditsy""], ""brands"": [""H&M""]}}, ""comment"": """", ""category_mix"": {}, ""classification"": ""kids_clothes""}"
instagram.com/p/C55P2MUKmr2,"{""reel_url"": ""https://www.instagram.com/p/C55P2MUKmr2"", ""fashion"": {""Kids Pyjamas"": {""colors"": [""White"", ""Blue""], ""patterns"": [""Striped""], ""brands"": [""HMKids""]}}, ""comment"": """", ""category_mix"": {}, ""classification"": ""kids_clothes""}"
instagram.com/p/C52rDNGKh6c,"{""reel_url"": ""https://www.instagram.com/p/C52rDNGKh6c"", ""brands"": [""H&M""], ""verticals"": {""fashion"": {""Kids Swimwear"": {""colors"": [""Black""], ""patterns"": [], ""brands"": [""H&M""]}, ""Kids Sunglasses"": {""colors"": [""White""], ""patterns"": [], ""brands"": [""H&M""]}, ""Kids Caps"": {""colors"": [""Beige""], ""patterns"": [], ""brands"": [""H&M""]}, ""Kids Tops"": {""colors"": [""Beige""], ""patterns"": [], ""brands"": [""H&M""]}, ""Kids Shorts"": {""colors"": [""Blue""], ""patterns"": [], ""brands"": [""H&M""]}}}, ""comment"": """", ""category_mix"": {""fashion"": [""Clothing""]}, ""classification"": ""kids_clothes""}"
instagram.com/p/C50v0eEqOny,Error: Invalid URL 'None': No scheme supplied. Perhaps you meant https://None?
instagram.com/p/C5n3eq5q5Lu,"{""reel_url"": ""https://www.instagram.com/p/C5n3eq5q5Lu"", ""brands"": [""H&M""], ""verticals"": {""fashion"": {""Kids Formal Shirts"": {""colors"": [""Blue""], ""patterns"": [], ""brands"": [""H&M""]}}}, ""comment"": """", ""category_mix"": {""fashion"": [""Clothing""]}, ""classification"": ""kids_clothes""}"
instagram.com/p/C5noB2rN8gD,"{""reel_url"": ""https://www.instagram.com/p/C5noB2rN8gD"", ""fashion"": {""Kids Dresses"": {""colors"": [""Beige""], ""patterns"": [], ""brands"": [""H&M""]}, ""Kids Shoes"": {""colors"": [""Blue""], ""patterns"": [], ""brands"": []}}, ""comment"": """", ""category_mix"": {}, ""classification"": ""kids_clothes""}"
instagram.com/p/C5nORx3saxH,"{""reel_url"": ""https://www.instagram.com/p/C5nORx3saxH"", ""fashion"": {""Kids Blazers"": {""colors"": [""White""], ""patterns"": [], ""brands"": [""H&M""]}, ""Kids Formal Shirts"": {""colors"": [""Blue"", ""White""], ""patterns"": [""Striped""], ""brands"": [""H&M""]}}, ""comment"": """", ""category_mix"": {}, ""classification"": ""kids_clothes""}"
instagram.com/p/C5lSshZq9wf,Error: Invalid URL 'None': No scheme supplied. Perhaps you meant https://None?
instagram.com/p/C5lE8-cqa-f,"{""reel_url"": ""https://www.instagram.com/p/C5lE8-cqa-f"", ""brands"": [""HM""], ""verticals"": {""fashion"": {""Kids Caps"": {""colors"": [""Beige""], ""patterns"": [], ""brands"": [""HM""]}, ""Teen T-shirts"": {""colors"": [""Beige""], ""patterns"": [], ""brands"": [""HM""]}, ""Teen Trousers"": {""colors"": [""Beige""], ""patterns"": [], ""brands"": [""HM""]}}}, ""comment"": """", ""category_mix"": {""fashion"": [""Clothing""]}, ""classification"": ""kids_clothes""}"
instagram.com/p/C5kpfk_N3av,Error: Invalid URL 'None': No scheme supplied. Perhaps you meant https://None?
instagram.com/p/C5gJGDfo5b8,"{""reel_url"": ""https://www.instagram.com/p/C5gJGDfo5b8"", ""fashion"": {""Kids T-shirts"": {""colors"": [""White"", ""Red"", ""Black""], ""patterns"": [], ""brands"": [""Rop Van Mierlo"", ""H&M""]}}, ""comment"": """", ""category_mix"": {}, ""classification"": ""kids_clothes""}"
instagram.com/p/C5f7XLKo_yp,"{""reel_url"": ""https://www.instagram.com/p/C5f7XLKo_yp"", ""fashion"": {""Kids Sweatshirts"": {""colors"": [""White"", ""Black""], ""patterns"": [""Animal Print""], ""brands"": [""H&M"", ""Rop Van Mierlo""]}, ""Kids Joggers"": {""colors"": [""White"", ""Black""], ""patterns"": [""Animal Print""], ""brands"": [""H&M"", ""Rop Van Mierlo""]}, ""Kids Socks"": {""colors"": [""White"", ""Black""], ""patterns"": [""Striped""], ""brands"": [""H&M""]}}, ""comment"": """", ""category_mix"": {}, ""classification"": ""kids_clothes""}"
instagram.com/p/C5ff6TxolM7,"{""reel_url"": ""https://www.instagram.com/p/C5ff6TxolM7"", ""fashion"": {""Kids T-shirts"": {""colors"": [""White"", ""Orange"", ""Blue"", ""Black""], ""patterns"": [], ""brands"": [""H&M""]}}, ""comment"": """", ""category_mix"": {}, ""classification"": ""kids_clothes""}"
instagram.com/p/C5YatX-IqS6,"{""reel_url"": ""https://www.instagram.com/p/C5YatX-IqS6"", ""fashion"": {""Kids Sweatshirts"": {""colors"": [""White"", ""Brown"", ""Orange"", ""Black""], ""patterns"": [], ""brands"": [""Rop Van Mierlo"", ""H&M""]}}, ""comment"": """", ""category_mix"": {}, ""classification"": ""kids_clothes""}"
instagram.com/p/C5XxhZ_oXkX,Error: Invalid URL 'None': No scheme supplied. Perhaps you meant https://None?
instagram.com/p/C5V16eMIkwF,"{""reel_url"": ""https://www.instagram.com/p/C5V16eMIkwF"", ""brands"": [""Rop Van Mierlo"", ""HM""], ""verticals"": {""fashion"": {""Kids Sunglasses"": {""colors"": [""White""], ""patterns"": [], ""brands"": [""HM""]}, ""Kids T-shirts"": {""colors"": [""White"", ""Blue"", ""Orange""], ""patterns"": [""Animal-motif""], ""brands"": [""Rop Van Mierlo"", ""HM""]}, ""Kids Trousers"": {""colors"": [""Beige""], ""patterns"": [], ""brands"": [""HM""]}}}, ""comment"": """", ""category_mix"": {""fashion"": [""Clothing""]}, ""classification"": ""kids_clothes""}"
instagram.com/p/C5VoMXbozqq,Error: Invalid URL 'None': No scheme supplied. Perhaps you meant https://None?
instagram.com/p/C5VMuWHqqzF,"{""reel_url"": ""https://www.instagram.com/p/C5VMuWHqqzF"", ""fashion"": {""Kids T-shirts"": {""colors"": [""White"", ""Yellow"", ""Brown""], ""patterns"": [""Animal-motif""], ""brands"": [""Rop van Mierlo"", ""H&M""]}}, ""comment"": """", ""category_mix"": {}, ""classification"": ""kids_clothes""}"
instagram.com/p/C5DqDUtINaI,"{""reel_url"": ""https://www.instagram.com/p/C5DqDUtINaI"", ""fashion"": {""Kids T-shirts"": {""colors"": [""Pink"", ""White"", ""Black""], ""patterns"": [], ""brands"": [""H&M"", ""Squishmallows""]}}, ""comment"": """", ""category_mix"": {}, ""classification"": ""kids_clothes""}"
instagram.com/p/C5DQUFko5Xm,Error: Invalid URL 'None': No scheme supplied. Perhaps you meant https://None?
instagram.com/p/C5BS_Tzodih,"Error: Error code: 400 - {'error': {'message': ""You uploaded an unsupported image. Please make sure your image is below 20 MB in size and is of one the following formats: ['png', 'jpeg', 'gif', 'webp']."", 'type': 'invalid_request_error', 'param': None, 'code': 'sanitizer_server_error'}}"
instagram.com/p/C4-xo_7IluH,Error: Invalid URL 'None': No scheme supplied. Perhaps you meant https://None?
instagram.com/p/C4-j6CLoTmg,Error: Invalid URL 'None': No scheme supplied. Perhaps you meant https://None?
instagram.com/p/C4-Ib_GIscq,Error: Invalid URL 'None': No scheme supplied. Perhaps you meant https://None?
instagram.com/p/C48M2eiIATn,Error: Invalid URL 'None': No scheme supplied. Perhaps you meant https://None?
instagram.com/p/C47_GgJIRs1,"{""reel_url"": ""https://www.instagram.com/p/C47_GgJIRs1"", ""brands"": [""H&M"", ""Sophie la girafe""], ""verticals"": {""fashion"": {""Kids T-shirts"": {""colors"": [""White""], ""patterns"": [], ""brands"": [""H&M"", ""Sophie la girafe""]}}}, ""comment"": """", ""category_mix"": {""fashion"": [""Clothing""]}, ""classification"": ""kids_clothes""}"
instagram.com/p/C47jpliI74q,Error: Invalid URL 'None': No scheme supplied. Perhaps you meant https://None?
instagram.com/p/C40Qt2FqcvI,"{""reel_url"": ""https://www.instagram.com/p/C40Qt2FqcvI"", ""brands"": [""H&M""], ""verticals"": {""fashion"": {""Kids Polo Shirts"": {""colors"": [""Beige""], ""patterns"": [], ""brands"": [""H&M""]}, ""Kids Jackets"": {""colors"": [""Beige""], ""patterns"": [], ""brands"": [""H&M""]}, ""Kids Joggers"": {""colors"": [""Beige""], ""patterns"": [], ""brands"": [""H&M""]}, ""Kids Sneakers"": {""colors"": [""White"", ""Beige""], ""patterns"": [], ""brands"": [""H&M""]}}}, ""comment"": """", ""category_mix"": {""fashion"": [""Clothing""]}, ""classification"": ""kids_clothes""}"
instagram.com/p/C4x5q1hqiDm,Error: Invalid URL 'None': No scheme supplied. Perhaps you meant https://None?
instagram.com/p/C4xQd4oqeW4,Error: Invalid URL 'None': No scheme supplied. Perhaps you meant https://None?
instagram.com/p/C4f4GT2onUe,Error: Invalid URL 'None': No scheme supplied. Perhaps you meant https://None?
instagram.com/p/C4fO5e8oNn7,Error: Invalid URL 'None': No scheme supplied. Perhaps you meant https://None?
instagram.com/p/C4X7-E_ILr5,"{""reel_url"": ""https://www.instagram.com/p/C4X7-E_ILr5"", ""fashion"": {""Kids Dresses"": {""colors"": [""White""], ""patterns"": [""Floral""], ""brands"": [""H&M""]}, ""Kids Shoes"": {""colors"": [""Beige""], ""patterns"": [], ""brands"": [""H&M""]}, ""Kids Socks"": {""colors"": [""White""], ""patterns"": [], ""brands"": [""H&M""]}, ""Kids Formal Shirts"": {""colors"": [""White""], ""patterns"": [], ""brands"": [""H&M""]}, ""Kids Shorts"": {""colors"": [""Beige""], ""patterns"": [], ""brands"": [""H&M""]}, ""Kids Suspenders"": {""colors"": [""Brown""], ""patterns"": [], ""brands"": [""H&M""]}}, ""comment"": """", ""category_mix"": {}, ""classification"": ""kids_clothes""}"
instagram.com/p/C4QbUu1o9rV,"{""reel_url"": ""https://www.instagram.com/p/C4QbUu1o9rV"", ""brands"": [""H&M""], ""verticals"": {""fashion"": {""Kids Jackets"": {""colors"": [""Beige""], ""patterns"": [], ""brands"": [""H&M""]}, ""Kids T-shirts"": {""colors"": [""White""], ""patterns"": [""Floral""], ""brands"": [""H&M""]}, ""Kids Jeans"": {""colors"": [""Beige""], ""patterns"": [], ""brands"": [""H&M""]}}}, ""comment"": """", ""category_mix"": {""fashion"": [""Clothing""]}, ""classification"": ""kids_clothes""}"
instagram.com/p/C4QO8cXK2ga,Error: Invalid URL 'None': No scheme supplied. Perhaps you meant https://None?
instagram.com/p/C4PyHpZI7bv,"{""reel_url"": ""https://www.instagram.com/p/C4PyHpZI7bv"", ""fashion"": {""Kids Dresses"": {""colors"": [""White"", ""Green"", ""Yellow"", ""Pink"", ""Blue""], ""patterns"": [""Floral""], ""brands"": [""H&M""]}, ""Kids Caps"": {""colors"": [""White"", ""Green"", ""Yellow"", ""Pink"", ""Blue""], ""patterns"": [""Floral""], ""brands"": [""H&M""]}, ""Kids Shoes"": {""colors"": [""White"", ""Green"", ""Yellow""], ""patterns"": [""Floral""], ""brands"": [""H&M""]}}, ""comment"": """", ""category_mix"": {}, ""classification"": ""kids_clothes""}"
instagram.com/p/C4N2hngINb4,"{""reel_url"": ""https://www.instagram.com/p/C4N2hngINb4"", ""fashion"": {""Kids Formal Shirts"": {""colors"": [""Green"", ""Yellow"", ""White"", ""Pink""], ""patterns"": [""Floral""], ""brands"": [""H&M""]}, ""Kids Chinos"": {""colors"": [""Olive""], ""patterns"": [], ""brands"": [""H&M""]}, ""Kids Sandals"": {""colors"": [""Brown""], ""patterns"": [], ""brands"": [""H&M""]}}, ""comment"": """", ""category_mix"": {}, ""classification"": ""kids_clothes""}"
instagram.com/p/C4Noyu2I0Sk,"{""reel_url"": ""https://www.instagram.com/p/C4Noyu2I0Sk"", ""fashion"": {""Kids Dresses"": {""colors"": [""White"", ""Pink"", ""Green"", ""Yellow""], ""patterns"": [""Floral""], ""brands"": [""H&M""]}}, ""comment"": """", ""category_mix"": {}, ""classification"": ""kids_clothes""}"
instagram.com/p/C4NJ5NBIkgp,"{""reel_url"": ""https://www.instagram.com/p/C4NJ5NBIkgp"", ""brands"": [""H&M""], ""verticals"": {""fashion"": {""Kids Dresses"": {""colors"": [""White"", ""Green"", ""Yellow"", ""Pink""], ""patterns"": [""Floral""], ""brands"": [""H&M""]}}}, ""comment"": """", ""category_mix"": {""fashion"": [""Clothing""]}, ""classification"": ""kids_clothes""}"
instagram.com/p/C3-Ilrzon3r,"{""reel_url"": ""https://www.instagram.com/p/C3-Ilrzon3r"", ""fashion"": {""Kids Dresses"": {""colors"": [""White"", ""Beige""], ""patterns"": [], ""brands"": [""H&M""]}, ""Kids Skirts"": {""colors"": [""White"", ""Beige""], ""patterns"": [], ""brands"": [""H&M""]}}, ""comment"": """", ""category_mix"": {}, ""classification"": ""kids_clothes""}"
instagram.com/p/C37xhrgo96b,"{""reel_url"": ""https://www.instagram.com/p/C37xhrgo96b"", ""brands"": [""H&M""], ""verticals"": {""fashion"": {""Kids Polo Shirts"": {""colors"": [""Olive""], ""patterns"": [], ""brands"": [""H&M""]}, ""Kids Jackets"": {""colors"": [""Beige""], ""patterns"": [], ""brands"": [""H&M""]}, ""Kids Chinos"": {""colors"": [""Beige""], ""patterns"": [], ""brands"": [""H&M""]}}}, ""comment"": """", ""category_mix"": {""fashion"": [""Clothing""]}, ""classification"": ""kids_clothes""}"
instagram.com/p/C37LwumI5Vy,"{""reel_url"": ""https://www.instagram.com/p/C37LwumI5Vy"", ""fashion"": {""Kids Skirts"": {""colors"": [""White""], ""patterns"": [], ""brands"": [""H&M""]}, ""Kids Tops"": {""colors"": [""White""], ""patterns"": [], ""brands"": [""H&M""]}, ""Kids Sneakers"": {""colors"": [""White""], ""patterns"": [], ""brands"": []}}, ""comment"": """", ""category_mix"": {}, ""classification"": ""kids_clothes""}"
instagram.com/p/C34t1T3qlRj,"{""reel_url"": ""https://www.instagram.com/p/C34t1T3qlRj"", ""fashion"": {""Kids T-shirts"": {""colors"": [""Pink""], ""patterns"": [], ""brands"": [""H&M""]}, ""Kids Jeans"": {""colors"": [""Blue""], ""patterns"": [], ""brands"": [""H&M""]}, ""Kids Jackets"": {""colors"": [""Beige""], ""patterns"": [], ""brands"": [""H&M""]}, ""Kids Ballet Flats"": {""colors"": [""Black""], ""patterns"": [], ""brands"": [""H&M""]}}, ""comment"": """", ""category_mix"": {}, ""classification"": ""kids_clothes""}"
instagram.com/p/C32dox8Kggs,"{""reel_url"": ""https://www.instagram.com/p/C32dox8Kggs"", ""fashion"": {""Kids Jackets"": {""colors"": [""White"", ""Beige""], ""patterns"": [], ""brands"": [""H&M""]}}, ""comment"": """", ""category_mix"": {}, ""classification"": ""kids_clothes""}"
instagram.com/p/C3zdYMkK9Bl,"{""reel_url"": ""https://www.instagram.com/p/C3zdYMkK9Bl"", ""fashion"": {""Kids Sweatshirts"": {""colors"": [""Black"", ""Pink"", ""White""], ""patterns"": [""Striped""], ""brands"": []}, ""Kids Skirts"": {""colors"": [""Beige""], ""patterns"": [], ""brands"": []}, ""Kids Jeans"": {""colors"": [""Blue""], ""patterns"": [], ""brands"": []}, ""Kids Polo Shirts"": {""colors"": [""White"", ""Black""], ""patterns"": [""Striped""], ""brands"": []}}, ""comment"": ""\nIn this JSON response, the items of clothing from the image are identified according to the given task with their respective predominant colors and patterns. Brands could not be specified as the image does not clearly show brand logos or names, and the request did not provide additional brand details specific to the items."", ""category_mix"": {}, ""classification"": ""kids_clothes""}"
instagram.com/p/C3sbossqznh,Error: Invalid URL 'None': No scheme supplied. Perhaps you meant https://None?
instagram.com/p/C3sKdLXq6nm,"{""reel_url"": ""https://www.instagram.com/p/C3sKdLXq6nm"", ""fashion"": {""Kids Formal Shirts"": {""colors"": [""White"", ""Black""], ""patterns"": [""Striped""], ""brands"": [""H&M""]}, ""Kids Trousers"": {""colors"": [""Black""], ""patterns"": [], ""brands"": [""H&M""]}, ""Kids Suspenders"": {""colors"": [""Silver""], ""patterns"": [], ""brands"": []}, ""Kids Bows"": {""colors"": [""Black""], ""patterns"": [], ""brands"": []}}, ""comment"": """", ""category_mix"": {}, ""classification"": ""kids_clothes""}"
instagram.com/p/C3ru_WqKS-v,"{""reel_url"": ""https://www.instagram.com/p/C3ru_WqKS-v"", ""fashion"": {""Kids Dresses"": {""colors"": [""Pink"", ""White""], ""patterns"": [], ""brands"": [""H&M""]}}, ""comment"": """", ""category_mix"": {}, ""classification"": ""kids_clothes""}"
instagram.com/p/C3p6Q4bKxBU,"{""reel_url"": ""https://www.instagram.com/p/C3p6Q4bKxBU"", ""brands"": [""H&M""], ""verticals"": {""fashion"": {""Kids Bibs"": {""colors"": [""Beige"", ""White""], ""patterns"": [""Striped""], ""brands"": [""H&M""]}}}, ""comment"": """", ""category_mix"": {""fashion"": [""Clothing""]}, ""classification"": ""kids_clothes""}"
instagram.com/p/C3plqibKnjJ,"{""reel_url"": ""https://www.instagram.com/p/C3plqibKnjJ"", ""fashion"": {""Kids Sweatshirts"": {""colors"": [""Purple""], ""patterns"": [], ""brands"": [""H&M""]}, ""Kids Pyjamas"": {""colors"": [""White""], ""patterns"": [], ""brands"": [""H&M""]}}, ""comment"": """", ""category_mix"": {}, ""classification"": ""kids_clothes""}"
instagram.com/p/C3pKMncKp51,"{""reel_url"": ""https://www.instagram.com/p/C3pKMncKp51"", ""fashion"": {""Kids Pyjamas"": {""colors"": [""Green""], ""patterns"": [], ""brands"": [""H&M""]}, ""Kids Tops"": {""colors"": [""White""], ""patterns"": [""Polka""], ""brands"": []}}, ""comment"": """", ""category_mix"": {}, ""classification"": ""kids_clothes""}"
instagram.com/p/C3aI59Mq-A5,Error: Invalid URL 'None': No scheme supplied. Perhaps you meant https://None?
instagram.com/p/C3XwIFDKV5d,Error: Invalid URL 'None': No scheme supplied. Perhaps you meant https://None?
instagram.com/p/C3XIo6YuSwT,Error: Invalid URL 'None': No scheme supplied. Perhaps you meant https://None?
instagram.com/p/C3U_UJoKo3V,Error: Invalid URL 'None': No scheme supplied. Perhaps you meant https://None?
instagram.com/p/C3SagomKKBe,"{""reel_url"": ""https://www.instagram.com/p/C3SagomKKBe"", ""fashion"": {""Kids Jeans"": {""colors"": [""Blue""], ""patterns"": [], ""brands"": [""H&M""]}, ""Teen Jeans"": {""colors"": [""Blue"", ""Beige""], ""patterns"": [], ""brands"": [""H&M""]}, ""Kids Jackets"": {""colors"": [""Blue"", ""Beige""], ""patterns"": [], ""brands"": [""H&M""]}, ""Kids Shoes"": {""colors"": [""Black"", ""Brown"", ""White""], ""patterns"": [], ""brands"": []}}, ""comment"": """", ""category_mix"": {}, ""classification"": ""kids_clothes""}"
instagram.com/p/C3PaQleqT2k,Error: Invalid URL 'None': No scheme supplied. Perhaps you meant https://None?
instagram.com/p/C3IYfsgKdXB,"{""reel_url"": ""https://www.instagram.com/p/C3IYfsgKdXB"", ""fashion"": {""Kids Jeans"": {""colors"": [""Blue""], ""patterns"": [], ""brands"": [""H&M""]}, ""Kids Trousers"": {""colors"": [""Blue""], ""patterns"": [], ""brands"": [""H&M""]}, ""Kids Dresses"": {""colors"": [""Blue""], ""patterns"": [], ""brands"": [""H&M""]}, ""Kids T-shirts"": {""colors"": [""White""], ""patterns"": [], ""brands"": [""H&M""]}}, ""comment"": """", ""category_mix"": {}, ""classification"": ""kids_clothes""}"
instagram.com/p/C3ILX8KNHLn,Error: Invalid URL 'None': No scheme supplied. Perhaps you meant https://None?
instagram.com/p/C3Hsyh7NXsj,Error: Invalid URL 'None': No scheme supplied. Perhaps you meant https://None?
instagram.com/p/C3Fzsz0qwy1,"{""reel_url"": ""https://www.instagram.com/p/C3Fzsz0qwy1"", ""fashion"": {""Kids Jackets"": {""colors"": [""Blue"", ""Red"", ""Green""], ""patterns"": [""Floral""], ""brands"": [""H&M""]}}, ""comment"": """", ""category_mix"": {}, ""classification"": ""kids_clothes""}"
instagram.com/p/C3FiiLvqndK,"{""reel_url"": ""https://www.instagram.com/p/C3FiiLvqndK"", ""fashion"": {""Kids Overshirt"": {""colors"": [""Blue"", ""White""], ""patterns"": [""Striped""], ""brands"": [""H&M""]}, ""Kids Jeans"": {""colors"": [""Blue""], ""patterns"": [], ""brands"": [""H&M""]}, ""Kids Trainers"": {""colors"": [""Blue"", ""White""], ""patterns"": [], ""brands"": [""H&M""]}}, ""comment"": """", ""category_mix"": {}, ""classification"": ""kids_clothes""}"
instagram.com/p/C3FHET4qqcO,"{""reel_url"": ""https://www.instagram.com/p/C3FHET4qqcO"", ""fashion"": {""Kids Dresses"": {""colors"": [""Blue""], ""patterns"": [""Floral""], ""brands"": [""H&M""]}}, ""comment"": """", ""category_mix"": {}, ""classification"": ""kids_clothes""}"
instagram.com/p/C22GZnKtwsj,Error: Invalid URL 'None': No scheme supplied. Perhaps you meant https://None?
instagram.com/p/C2zu-7ntNY2,Error: Invalid URL 'None': No scheme supplied. Perhaps you meant https://None?
instagram.com/p/C2zGMsMtNIA,Error: Invalid URL 'None': No scheme supplied. Perhaps you meant https://None?
instagram.com/p/C2xNVyVKxVD,"{""reel_url"": ""https://www.instagram.com/p/C2xNVyVKxVD"", ""brands"": [""HMkids"", ""HMmove""], ""verticals"": {""fashion"": {""Teen Hoodies"": {""colors"": [""White"", ""Black""], ""patterns"": [], ""brands"": [""H&M""]}, ""Teen Joggers"": {""colors"": [""Black""], ""patterns"": [], ""brands"": [""H&M""]}}}, ""comment"": """", ""category_mix"": {""fashion"": [""Clothing""]}, ""classification"": ""kids_clothes""}"
instagram.com/p/C2w8zl5NJmY,Error: Invalid URL 'None': No scheme supplied. Perhaps you meant https://None?
instagram.com/p/C2wg0iFN6eh,Error: Invalid URL 'None': No scheme supplied. Perhaps you meant https://None?
instagram.com/p/C2kSOD2qGVf,"{""reel_url"": ""https://www.instagram.com/p/C2kSOD2qGVf"", ""brands"": [""HM""], ""verticals"": {""fashion"": {""Kids Sweatshirts"": {""colors"": [""Beige"", ""Green""], ""patterns"": [], ""brands"": [""HM""]}, ""Kids Trousers"": {""colors"": [""Green""], ""patterns"": [""Striped""], ""brands"": [""HM""]}}}, ""comment"": """", ""category_mix"": {""fashion"": [""Clothing""]}, ""classification"": ""kids_clothes""}"
instagram.com/p/C2kEYBKqxRS,"{""reel_url"": ""https://www.instagram.com/p/C2kEYBKqxRS"", ""fashion"": {""Kids Soft Toys"": {""colors"": [""Red"", ""Orange"", ""Pink"", ""Charcoal""], ""patterns"": [], ""brands"": [""HMKids""]}, ""Kids Playmats"": {""colors"": [""White""], ""patterns"": [""Checkered""], ""brands"": [""HMKids""]}}, ""comment"": """", ""category_mix"": {}, ""classification"": ""kids_products""}"
instagram.com/p/C2jqPaDqg4R,"{""reel_url"": ""https://www.instagram.com/p/C2jqPaDqg4R"", ""fashion"": {""Kids Dresses"": {""colors"": [""Beige"", ""White""], ""patterns"": [], ""brands"": [""H&M""]}, ""Kids Socks"": {""colors"": [""Beige""], ""patterns"": [], ""brands"": [""H&M""]}, ""Kids Sandals"": {""colors"": [""Brown""], ""patterns"": [], ""brands"": [""H&M""]}}, ""comment"": """", ""category_mix"": {}, ""classification"": ""kids_clothes""}"
instagram.com/p/C2hw0WTKeNB,"{""reel_url"": ""https://www.instagram.com/p/C2hw0WTKeNB"", ""fashion"": {""Kids Beanies"": {""colors"": [""Beige""], ""patterns"": [], ""brands"": [""H&M""]}, ""Kids Sweatshirts"": {""colors"": [""White""], ""patterns"": [], ""brands"": [""H&M""]}, ""Kids Jackets"": {""colors"": [""Beige""], ""patterns"": [], ""brands"": [""H&M""]}}, ""comment"": """", ""category_mix"": {}, ""classification"": ""kids_clothes""}"
instagram.com/p/C2hhWstq9dO,Error: Invalid URL 'None': No scheme supplied. Perhaps you meant https://None?
instagram.com/p/C2hEK0RKjwl,"{""reel_url"": ""https://www.instagram.com/p/C2hEK0RKjwl"", ""fashion"": {""Kids Jackets"": {""colors"": [""Olive""], ""patterns"": [], ""brands"": [""H&M""]}, ""Kids Sweatshirts"": {""colors"": [""Beige"", ""White""], ""patterns"": [], ""brands"": [""H&M""]}, ""Kids Beanies"": {""colors"": [""Beige""], ""patterns"": [], ""brands"": [""H&M""]}}, ""comment"": """", ""category_mix"": {}, ""classification"": ""kids_clothes""}"
instagram.com/p/C2PyfBZq1SK,Error: Invalid URL 'None': No scheme supplied. Perhaps you meant https://None?
instagram.com/p/C2PeH1KqMh7,Error: Invalid URL 'None': No scheme supplied. Perhaps you meant https://None?
instagram.com/p/C2PCv9dKF6g,Error: Invalid URL 'None': No scheme supplied. Perhaps you meant https://None?
instagram.com/p/C2ANipTtFZc,Error: Invalid URL 'None': No scheme supplied. Perhaps you meant https://None?
instagram.com/p/C1_1OnoLZTC,"{""reel_url"": ""https://www.instagram.com/p/C1_1OnoLZTC"", ""brands"": [""H&M""], ""verticals"": {""fashion"": {""Kids Dresses"": {""colors"": [""Pink""], ""patterns"": [""Floral""], ""brands"": [""H&M""]}, ""Kids Costumes"": {""Fancy dress cape"": {""colors"": [""Pink""], ""patterns"": [""Floral""], ""brands"": [""H&M""]}, ""Animal all-in-one suit"": {""colors"": [""Beige"", ""Brown""], ""patterns"": [], ""brands"": [""H&M""]}, ""Floral fancy dress cape"": {""colors"": [""Pink""], ""patterns"": [""Floral""], ""brands"": [""H&M""]}, ""Shimmering fancy dress wings"": {""colors"": [""Beige""], ""patterns"": [], ""brands"": [""H&M""]}}, ""Kids Dancewear"": {""Dance leotard with tulle skirt"": {""colors"": [""Pink""], ""patterns"": [""Floral""], ""brands"": [""H&M""]}}}}, ""comment"": ""\nPlease note that the exact items have been identified based on the caption information provided, and the color and pattern details have been extracted from the visible parts of the image. Additionally, the brand H&M is mentioned based on the hashtag #HMKids."", ""category_mix"": {""fashion"": [""Clothing""]}, ""classification"": ""kids_clothes""}"
instagram.com/p/C1_oHoOts6W,Error: Invalid URL 'None': No scheme supplied. Perhaps you meant https://None?
instagram.com/p/C19mphot4nj,"{""reel_url"": ""https://www.instagram.com/p/C19mphot4nj"", ""fashion"": {""Kids Pyjamas"": {""colors"": [""Green""], ""patterns"": [], ""brands"": [""HMKids""]}}, ""comment"": """", ""category_mix"": {}, ""classification"": ""kids_clothes""}"
instagram.com/p/C1uGI_Sq5qB,Error: Invalid URL 'None': No scheme supplied. Perhaps you meant https://None?
instagram.com/p/C1tv_LUKpwe,Error: Invalid URL 'None': No scheme supplied. Perhaps you meant https://None?
instagram.com/p/C1tgnP1NZIv,Error: Invalid URL 'None': No scheme supplied. Perhaps you meant https://None?
instagram.com/p/C1rlCMSN1Ir,Error: Invalid URL 'None': No scheme supplied. Perhaps you meant https://None?
instagram.com/p/C1rR9nitfJw,Error: Invalid URL 'None': No scheme supplied. Perhaps you meant https://None?
instagram.com/p/C1q71PONBTU,Error: Invalid URL 'None': No scheme supplied. Perhaps you meant https://None?
instagram.com/p/C1cTEcSKX2z,"{""reel_url"": ""https://www.instagram.com/p/C1cTEcSKX2z"", ""fashion"": {""Kids Hoodies"": {""colors"": [""Beige""], ""patterns"": [], ""brands"": [""H&M""]}, ""Kids Tops"": {""colors"": [""White""], ""patterns"": [], ""brands"": [""H&M""]}}, ""comment"": """", ""category_mix"": {}, ""classification"": ""kids_clothes""}"
instagram.com/p/C1cDQDuq9nx,"{""reel_url"": ""https://www.instagram.com/p/C1cDQDuq9nx"", ""fashion"": {""Kids Long-sleeved Bodysuits"": {""colors"": [""Beige""], ""patterns"": [], ""brands"": [""H&M""]}, ""Kids Leggings"": {""colors"": [""Charcoal""], ""patterns"": [], ""brands"": [""H&M""]}}, ""comment"": """", ""category_mix"": {}, ""classification"": ""kids_clothes""}"
instagram.com/p/C1bmk7pK9Lj,"{""reel_url"": ""https://www.instagram.com/p/C1bmk7pK9Lj"", ""fashion"": {""Kids Sweatshirts"": {""colors"": [""Charcoal"", ""Pink""], ""patterns"": [], ""brands"": [""H&M""]}, ""Kids Joggers"": {""colors"": [""Grey""], ""patterns"": [], ""brands"": [""H&M""]}, ""Kids Shoes"": {""colors"": [""Beige""], ""patterns"": [], ""brands"": [""H&M""]}, ""Kids Ballet Flats"": {""colors"": [""Black""], ""patterns"": [], ""brands"": [""H&M""]}}, ""comment"": """", ""category_mix"": {}, ""classification"": ""kids_clothes""}"
instagram.com/p/C1ZrHBWqzCM,"{""reel_url"": ""https://www.instagram.com/p/C1ZrHBWqzCM"", ""brands"": [""H&M"", ""smileyworld""], ""verticals"": {""fashion"": {""Kids Sweatshirts"": {""colors"": [""Grey""], ""patterns"": [], ""brands"": [""H&M""]}, ""Kids Jeans"": {""colors"": [""Blue""], ""patterns"": [], ""brands"": [""H&M"", ""smileyworld""]}, ""Kids Sneakers"": {""colors"": [""White""], ""patterns"": [], ""brands"": [""H&M""]}}}, ""comment"": """", ""category_mix"": {""fashion"": [""Clothing""]}, ""classification"": ""kids_clothes""}"
instagram.com/p/C1ZdPCgql3P,"{""reel_url"": ""https://www.instagram.com/p/C1ZdPCgql3P"", ""fashion"": {""Kids Dresses"": {""colors"": [""Blue"", ""Yellow"", ""White""], ""patterns"": [], ""brands"": [""H&M""]}, ""Kids Bibs"": {""colors"": [""Yellow""], ""patterns"": [], ""brands"": [""H&M"", ""smileyworld""]}}, ""comment"": """", ""category_mix"": {}, ""classification"": ""kids_clothes""}"
instagram.com/p/C1KGrMdNcF_,"{""reel_url"": ""https://www.instagram.com/p/C1KGrMdNcF_"", ""fashion"": {""Kids Dresses"": {""colors"": [""Black""], ""patterns"": [], ""brands"": [""H&M""]}, ""Kids Shoes"": {""colors"": [""Black""], ""patterns"": [], ""brands"": []}}, ""comment"": """", ""category_mix"": {}, ""classification"": ""kids_clothes""}"
instagram.com/p/C1JwW-St4IB,"{""reel_url"": ""https://www.instagram.com/p/C1JwW-St4IB"", ""fashion"": {""Teen Formal Shirts"": {""colors"": [""White""], ""patterns"": [], ""brands"": [""H&M""]}, ""Teen Jackets"": {""colors"": [""Black""], ""patterns"": [], ""brands"": [""H&M""]}, ""Teen Trousers"": {""colors"": [""Black""], ""patterns"": [], ""brands"": [""H&M""]}, ""Teen Shoes"": {""colors"": [""Black"", ""White""], ""patterns"": [], ""brands"": []}}, ""comment"": """", ""category_mix"": {}, ""classification"": ""kids_clothes""}"
instagram.com/p/C1Jil4BK_rA,"{""reel_url"": ""https://www.instagram.com/p/C1Jil4BK_rA"", ""classification"": ""others""}"
instagram.com/p/C1Hi3pZKH9s,"{""reel_url"": ""https://www.instagram.com/p/C1Hi3pZKH9s"", ""brands"": [""H&M""], ""verticals"": {""fashion"": {""Kids Dresses"": {""colors"": [""White""], ""patterns"": [], ""brands"": [""H&M""]}, ""Kids Shoes"": {""colors"": [""Black""], ""patterns"": [], ""brands"": [""H&M""]}, ""Kids Socks"": {""colors"": [""White""], ""patterns"": [], ""brands"": [""H&M""]}}}, ""comment"": """", ""category_mix"": {""fashion"": [""Clothing""]}, ""classification"": ""kids_clothes""}"
instagram.com/p/C1HQaUdKcJm,"{""reel_url"": ""https://www.instagram.com/p/C1HQaUdKcJm"", ""fashion"": {""Kids Formal Shirts"": {""colors"": [""White""], ""patterns"": [], ""brands"": []}, ""Kids Trousers"": {""colors"": [""Black""], ""patterns"": [], ""brands"": []}, ""Kids Suspenders"": {""colors"": [""Black""], ""patterns"": [], ""brands"": []}, ""Kids Bow Ties"": {""colors"": [""Black""], ""patterns"": [], ""brands"": []}}, ""comment"": """", ""category_mix"": {}, ""classification"": ""kids_clothes""}"
instagram.com/p/C1G5lWWKIYY,Error: Invalid URL 'None': No scheme supplied. Perhaps you meant https://None?
instagram.com/p/C03pylgKUyc,"{""reel_url"": ""https://www.instagram.com/p/C03pylgKUyc"", ""fashion"": {""Kids Pyjamas"": {""colors"": [""White"", ""Green""], ""patterns"": [""Striped""], ""brands"": [""H&M""]}}, ""comment"": """", ""category_mix"": {}, ""classification"": ""kids_clothes""}"
instagram.com/p/C01b0Tmqiw2,"{""reel_url"": ""https://www.instagram.com/p/C01b0Tmqiw2"", ""fashion"": {""Kids Onesies"": {""colors"": [""Pink"", ""Olive""], ""patterns"": [], ""brands"": [""H&M""]}}, ""comment"": """", ""category_mix"": {}, ""classification"": ""kids_clothes""}"
instagram.com/p/C0mEFr7Kj8O,"{""reel_url"": ""https://www.instagram.com/p/C0mEFr7Kj8O"", ""brands"": [""H&M"", ""Squishmallows""], ""verticals"": {""fashion"": {""Teen Hoodies"": {""colors"": [""Mint"", ""Lavender""], ""patterns"": [], ""brands"": [""H&M""]}, ""Teen Joggers"": {""colors"": [""Mint"", ""Lavender""], ""patterns"": [], ""brands"": [""H&M""]}}}, ""comment"": """", ""category_mix"": {""fashion"": [""Clothing""]}, ""classification"": ""kids_clothes""}"
instagram.com/p/C0lteUsqdZv,Error: Invalid URL 'None': No scheme supplied. Perhaps you meant https://None?
instagram.com/p/C0laf9bKQQq,Error: Invalid URL 'None': No scheme supplied. Perhaps you meant https://None?
instagram.com/p/C0je-uXKouY,Error: Invalid URL 'None': No scheme supplied. Perhaps you meant https://None?
instagram.com/p/C0jIxKdKSPX,Error: Invalid URL 'None': No scheme supplied. Perhaps you meant https://None?
instagram.com/p/C0i1uSEN94a,Error: Invalid URL 'None': No scheme supplied. Perhaps you meant https://None?
instagram.com/p/C0UCnMZqC8b,"{""reel_url"": ""https://www.instagram.com/p/C0UCnMZqC8b"", ""fashion"": {""Kids Hoodies"": {""colors"": [""White"", ""Blue"", ""Yellow""], ""patterns"": [], ""brands"": [""LEGO"", ""DUPLO"", ""HMKids""]}}, ""comment"": """", ""category_mix"": {}, ""classification"": ""kids_clothes""}"
instagram.com/p/C0TtQrXqYHU,"{""reel_url"": ""https://www.instagram.com/p/C0TtQrXqYHU"", ""brands"": [""H&M"", ""LEGO DUPLO""], ""verticals"": {""fashion"": {""Kids Trousers"": {""colors"": [""White"", ""Red"", ""Yellow"", ""Blue"", ""Purple"", ""Orange""], ""patterns"": [], ""brands"": [""H&M""]}, ""Kids Sweatshirts"": {""colors"": [""White"", ""Red"", ""Yellow"", ""Blue"", ""Purple"", ""Orange""], ""patterns"": [], ""brands"": [""H&M""]}, ""Kids Shoes"": {""colors"": [""White""], ""patterns"": [], ""brands"": [""H&M""]}}}, ""comment"": ""\n\nThe function should have included the \""DUPLO\"" pattern as an option, which is visibly present on the clothing. Since it is not available in the enumerated list, it was not included, but it should be noted that the clothing has a DUPLO blocks pattern."", ""category_mix"": {""fashion"": [""Clothing""]}, ""classification"": ""kids_clothes""}"
instagram.com/p/C0Tj3H8qyz5,"{""reel_url"": ""https://www.instagram.com/p/C0Tj3H8qyz5"", ""fashion"": {""Kids Sweatshirts"": {""colors"": [""Aqua"", ""White""], ""patterns"": [], ""brands"": [""H&M""]}, ""Kids Joggers"": {""colors"": [""Aqua""], ""patterns"": [], ""brands"": [""H&M""]}, ""Kids Sneakers"": {""colors"": [""White""], ""patterns"": [], ""brands"": [""H&M""]}}, ""comment"": """", ""category_mix"": {}, ""classification"": ""kids_clothes""}"
instagram.com/p/C0RbGA3qRXa,Error: Invalid URL 'None': No scheme supplied. Perhaps you meant https://None?
instagram.com/p/C0Q0oG4KFWW,Error: Invalid URL 'None': No scheme supplied. Perhaps you meant https://None?
instagram.com/p/C0OWgO0K7Wf,Error: Invalid URL 'None': No scheme supplied. Perhaps you meant https://None?
instagram.com/p/Cz_D4YxqqkF,"{""reel_url"": ""https://www.instagram.com/p/Cz_D4YxqqkF"", ""brands"": [""HMKids""], ""verticals"": {""fashion"": {""Kids Jackets"": {""colors"": [""Black"", ""Red"", ""White""], ""patterns"": [""Floral""], ""brands"": []}, ""Kids Jeans"": {""colors"": [""Black""], ""brands"": []}, ""Kids Tops"": {""colors"": [""White""], ""brands"": []}}}, ""comment"": """", ""category_mix"": {""fashion"": [""Clothing""]}, ""classification"": ""kids_clothes""}"
instagram.com/p/Cz8fEKIKm2T,"{""reel_url"": ""https://www.instagram.com/p/Cz8fEKIKm2T"", ""fashion"": {""Kids Tights"": {""colors"": [""Red"", ""Pink""], ""patterns"": [], ""brands"": [""HMKids""]}, ""Kids Shoes"": {""colors"": [""Red""], ""patterns"": [], ""brands"": [""HMKids""]}, ""Kids Bows"": {""colors"": [""Red""], ""patterns"": [], ""brands"": [""HMKids""]}}, ""comment"": """", ""category_mix"": {}, ""classification"": ""kids_clothes""}"
instagram.com/p/Cz5pN-AKGuh,"{""reel_url"": ""https://www.instagram.com/p/Cz5pN-AKGuh"", ""fashion"": {""Kids Dresses"": {""colors"": [""Maroon""], ""patterns"": [], ""brands"": [""H&M""]}}, ""comment"": """", ""category_mix"": {}, ""classification"": ""kids_clothes""}"
instagram.com/p/Czv--YsK4XC,"{""reel_url"": ""https://www.instagram.com/p/Czv--YsK4XC"", ""classification"": ""others""}"
instagram.com/p/CzvyUrxqDsX,"{""reel_url"": ""https://www.instagram.com/p/CzvyUrxqDsX"", ""brands"": [""H&M""], ""verticals"": {""fashion"": {""Kids Sweatshirts"": {""colors"": [""Red"", ""Black""], ""patterns"": [""Checkered""], ""brands"": [""H&M""]}, ""Kids Skirts"": {""colors"": [""Black""], ""patterns"": [], ""brands"": [""H&M""]}, ""Kids Socks"": {""colors"": [""White""], ""patterns"": [], ""brands"": []}, ""Kids Shoes"": {""colors"": [""Black""], ""patterns"": [], ""brands"": []}}}, ""comment"": """", ""category_mix"": {""fashion"": [""Clothing""]}, ""classification"": ""kids_clothes""}"
instagram.com/p/CzvWcF4KGNe,Error: Invalid URL 'None': No scheme supplied. Perhaps you meant https://None?
instagram.com/p/CztaVgGKhJl,"{""reel_url"": ""https://www.instagram.com/p/CztaVgGKhJl"", ""fashion"": {""Kids Dresses"": {""colors"": [""Maroon""], ""patterns"": [], ""brands"": [""H&M""]}}, ""comment"": """", ""category_mix"": {}, ""classification"": ""kids_clothes""}"
instagram.com/p/CztD9ieqRma,"{""reel_url"": ""https://www.instagram.com/p/CztD9ieqRma"", ""fashion"": {""Kids Formal Shirts"": {""colors"": [""White""], ""patterns"": [], ""brands"": [""HM""]}, ""Kids Jackets"": {""colors"": [""Black""], ""patterns"": [], ""brands"": [""HM""]}, ""Kids Trousers"": {""colors"": [""Grey""], ""patterns"": [], ""brands"": [""HM""]}, ""Kids Shoes"": {""colors"": [""Black""], ""patterns"": [], ""brands"": []}}, ""comment"": ""\n\nPlease note that the image is in black and white, and the description of the colors provided might not fully correspond to their true colors. The image is taken as monochrome, and the colors are deduced accordingly. The brands are inferred from the given caption and the context but are not visibly confirmed by a logo in the image."", ""category_mix"": {}, ""classification"": ""kids_clothes""}"
instagram.com/p/CzszOOfqaLc,Error: Invalid URL 'None': No scheme supplied. Perhaps you meant https://None?
instagram.com/p/Czn7MiSqUm2,"{""reel_url"": ""https://www.instagram.com/p/Czn7MiSqUm2"", ""fashion"": {""Kids Blazers"": {""colors"": [""Navy"", ""White""], ""patterns"": [], ""brands"": [""H&M""]}, ""Kids Trousers"": {""colors"": [""Navy""], ""patterns"": [], ""brands"": [""H&M""]}, ""Kids Shoes"": {""colors"": [""Black"", ""White""], ""patterns"": [], ""brands"": []}}, ""comment"": """", ""category_mix"": {}, ""classification"": ""kids_clothes""}"
instagram.com/p/CzlC1CZKPHR,"{""reel_url"": ""https://www.instagram.com/p/CzlC1CZKPHR"", ""fashion"": {""Kids Dresses"": {""colors"": [""Navy"", ""White"", ""Black""], ""patterns"": [], ""brands"": [""H&M""]}, ""Kids Jackets"": {""colors"": [""White"", ""Black""], ""patterns"": [], ""brands"": [""H&M""]}, ""Kids Tops"": {""colors"": [""Black""], ""patterns"": [""Floral""], ""brands"": [""H&M""]}}, ""comment"": """", ""category_mix"": {}, ""classification"": ""kids_clothes""}"
instagram.com/p/CzdjAjmKcj5,"{""reel_url"": ""https://www.instagram.com/p/CzdjAjmKcj5"", ""classification"": ""others""}"
instagram.com/p/CzbYly_KGp0,"{""reel_url"": ""https://www.instagram.com/p/CzbYly_KGp0"", ""fashion"": {""Kids Headbands"": {""colors"": [""Black""], ""patterns"": [], ""brands"": []}}, ""comment"": """", ""category_mix"": {}, ""classification"": ""kids_products""}"
instagram.com/p/Cza-Zi7KdOp,"{""reel_url"": ""https://www.instagram.com/p/Cza-Zi7KdOp"", ""fashion"": {""Kids Sandals"": {""colors"": [""Pink"", ""Gold"", ""Silver""], ""patterns"": [], ""brands"": []}}, ""comment"": """", ""category_mix"": {}, ""classification"": ""kids_products""}"
instagram.com/p/CzY0yuRKRzC,Error: Invalid URL 'None': No scheme supplied. Perhaps you meant https://None?
instagram.com/p/CzYdlhwK4aV,Error: Invalid URL 'None': No scheme supplied. Perhaps you meant https://None?
instagram.com/p/CzYKudrqvcz,Error: Invalid URL 'None': No scheme supplied. Perhaps you meant https://None?
instagram.com/p/CzJXGbNN0o1,"{""reel_url"": ""https://www.instagram.com/p/CzJXGbNN0o1"", ""fashion"": {""Kids Pyjamas"": {""colors"": [""Peach""], ""patterns"": [], ""brands"": [""H&M""]}}, ""comment"": """", ""category_mix"": {}, ""classification"": ""kids_clothes""}"
instagram.com/p/CzI04x6KFIx,"{""reel_url"": ""https://www.instagram.com/p/CzI04x6KFIx"", ""fashion"": {""Kids Knitted Cardigan"": {""colors"": [""White"", ""Beige""], ""patterns"": [], ""brands"": [""H&M""]}, ""Kids Ribbed Cotton Dungarees"": {""colors"": [""Navy""], ""patterns"": [], ""brands"": [""H&M""]}}, ""comment"": """", ""category_mix"": {}, ""classification"": ""kids_clothes""}"
instagram.com/p/Cy5ssXPK9SH,"{""reel_url"": ""https://www.instagram.com/p/Cy5ssXPK9SH"", ""fashion"": {""Kids Pyjamas"": {""colors"": [""Beige""], ""patterns"": [], ""brands"": [""H&M"", ""Sophie la girafe""]}}, ""comment"": ""\n\nThis JSON structure indicates that the image likely features Kids Pyjamas from a collaboration between H&M and Sophie la girafe, in a beige color. The pattern is not discernible from the image, so the patterns field is left empty. There don't seem to be any other fashion items with visible colors or patterns."", ""category_mix"": {}, ""classification"": ""kids_clothes""}"
instagram.com/p/Cy5RUeIKEYI,"{""reel_url"": ""https://www.instagram.com/p/Cy5RUeIKEYI"", ""fashion"": {""Kids Pyjamas"": {""colors"": [""Beige"", ""White""], ""patterns"": [""Polka""], ""brands"": [""H&M"", ""Sophie la girafe""]}}, ""comment"": """", ""category_mix"": {}, ""classification"": ""kids_clothes""}"
instagram.com/p/Cy3H4_sqtfn,"{""reel_url"": ""https://www.instagram.com/p/Cy3H4_sqtfn"", ""fashion"": {""Kids Bibs"": {""colors"": [""White"", ""Brown""], ""patterns"": [], ""brands"": [""Sophie la girafe"", ""HM""]}, ""Kids Blankets"": {""colors"": [""White"", ""Beige""], ""patterns"": [], ""brands"": [""HM""]}}, ""comment"": """", ""category_mix"": {}, ""classification"": ""kids_products""}"
instagram.com/p/Cy2scoUKlbR,"{""reel_url"": ""https://www.instagram.com/p/Cy2scoUKlbR"", ""fashion"": {""Kids Pyjamas"": {""colors"": [""Beige"", ""White""], ""patterns"": [], ""brands"": [""H&M"", ""Sophie la girafe""]}}, ""comment"": """", ""category_mix"": {}, ""classification"": ""kids_clothes""}"
instagram.com/p/Cy0H5w_KDRo,"{""reel_url"": ""https://www.instagram.com/p/Cy0H5w_KDRo"", ""fashion"": {""Kids Hoodies"": {""colors"": [""White""], ""patterns"": [], ""brands"": [""H&M""]}, ""Kids T-shirts"": {""colors"": [""White""], ""patterns"": [], ""brands"": [""H&M""]}}, ""comment"": """", ""category_mix"": {}, ""classification"": ""kids_products""}"
instagram.com/p/Cyxm7CWKElW,"{""reel_url"": ""https://www.instagram.com/p/Cyxm7CWKElW"", ""brands"": [""H&M"", ""Sophie la girafe""], ""verticals"": {""fashion"": {""Kids Hoodies"": {""colors"": [""Beige""], ""patterns"": [""Striped""], ""brands"": [""H&M""]}, ""Kids Pyjamas"": {""colors"": [""White"", ""Beige""], ""patterns"": [""Animal Print""], ""brands"": [""H&M""]}}}, ""comment"": """", ""category_mix"": {""fashion"": [""Clothing""]}, ""classification"": ""kids_clothes""}"
instagram.com/p/CynyGc-K0vh,Error: Invalid URL 'None': No scheme supplied. Perhaps you meant https://None?
instagram.com/p/Cynk9apKzwg,"{""reel_url"": ""https://www.instagram.com/p/Cynk9apKzwg"", ""fashion"": {""Kids Jackets"": {""colors"": [""Navy"", ""White"", ""Pink"", ""Brown""], ""patterns"": [""Floral""], ""brands"": [""H&M""]}}, ""comment"": """", ""category_mix"": {}, ""classification"": ""kids_clothes""}"
instagram.com/p/CynPoeiqXNg,Error: Invalid URL 'None': No scheme supplied. Perhaps you meant https://None?
instagram.com/p/CyTL4vzqQHz,"{""reel_url"": ""https://www.instagram.com/p/CyTL4vzqQHz"", ""fashion"": {""Kids Sweatshirts"": {""colors"": [""Blue"", ""White"", ""Red"", ""Black""], ""patterns"": [""Printed""], ""brands"": [""Disney"", ""H&M""]}, ""Kids Trousers"": {""colors"": [""Blue"", ""White"", ""Red"", ""Black""], ""patterns"": [""Printed""], ""brands"": [""Disney"", ""H&M""]}, ""Kids Sneakers"": {""colors"": [""Black"", ""White""], ""patterns"": [], ""brands"": []}}, ""comment"": ""\nPlease note that I used \""Printed\"" as a pattern term to encompass the various character prints on the clothing which is not listed in the defined pattern enums, but seems appropriate to describe detailed and character-based prints. The brands were determined based on the caption information and recognizable Disney characters on the clothing. The product specifics (sweatshirt set and hi-top trainers) are matched to the closest categories available in the provided enum: Kids Sweatshirts, Kids Trousers, and Kids Sneakers. The colors are based on the predominant colors visible on the products."", ""category_mix"": {}, ""classification"": ""kids_clothes""}"
instagram.com/p/CyS9uAkqBv3,"{""reel_url"": ""https://www.instagram.com/p/CyS9uAkqBv3"", ""fashion"": {""Kids Hoodies"": {""colors"": [""Black"", ""Blue"", ""White""], ""patterns"": [], ""brands"": [""Disney""]}}, ""comment"": """", ""category_mix"": {}, ""classification"": ""kids_clothes""}"
instagram.com/p/CySpCxUMT54,"{""reel_url"": ""https://www.instagram.com/p/CySpCxUMT54"", ""type"": ""function"", ""function"": {""name"": ""videoAnalysisLifestyle"", ""parameters"": {""type"": ""object"", ""description"": ""Analysis of children's fashion products in image"", ""properties"": {""brands"": [""Disney"", ""H&M""], ""verticals"": {""fashion"": {""Kids Sweatshirts"": {""description"": ""Brands, patterns and colours of the products."", ""properties"": {""colors"": [""White""], ""patterns"": [], ""brands"": [""Disney"", ""H&M""]}}, ""Kids Joggers"": {""description"": ""Brands, patterns and colours of the products."", ""properties"": {""colors"": [""Blue""], ""patterns"": [], ""brands"": [""H&M""]}}}}}, ""audio_type"": {}, ""required"": [""fashion""]}}, ""comment"": """", ""category_mix"": {}, ""classification"": ""kids_clothes""}"
instagram.com/p/CyA8WDRKys7,Error: Invalid URL 'None': No scheme supplied. Perhaps you meant https://None?
instagram.com/p/CyAnt_dKcWg,Error: Invalid URL 'None': No scheme supplied. Perhaps you meant https://None?
instagram.com/p/Cx5bpKbK7VY,Error: Invalid URL 'None': No scheme supplied. Perhaps you meant https://None?
instagram.com/p/Cx46KmXqhrl,Error: Invalid URL 'None': No scheme supplied. Perhaps you meant https://None?
instagram.com/p/CxxtDe4yt8v,"{""reel_url"": ""https://www.instagram.com/p/CxxtDe4yt8v"", ""fashion"": {""Kids Hoodies"": {""colors"": [""Green""], ""patterns"": [], ""brands"": [""H&M""]}, ""Kids Caps"": {""colors"": [""Beige""], ""patterns"": [""Striped""], ""brands"": [""H&M""]}, ""Kids Jackets"": {""colors"": [""White""], ""patterns"": [], ""brands"": [""H&M""]}, ""Kids Socks"": {""colors"": [""Beige"", ""Green"", ""White""], ""patterns"": [], ""brands"": [""H&M""]}}, ""comment"": """", ""category_mix"": {}, ""classification"": ""kids_clothes""}"
instagram.com/p/CxxfUYOKLCx,"{""reel_url"": ""https://www.instagram.com/p/CxxfUYOKLCx"", ""fashion"": {""Kids Sweaters"": {""colors"": [""Pink"", ""Beige"", ""Olive""], ""patterns"": [], ""brands"": [""H&M""]}}, ""comment"": """", ""category_mix"": {}, ""classification"": ""kids_clothes""}"
instagram.com/p/CxxLkYkquz1,"{""reel_url"": ""https://www.instagram.com/p/CxxLkYkquz1"", ""fashion"": {""Kids Jackets"": {""colors"": [""White""], ""patterns"": [], ""brands"": [""H&M""]}}, ""comment"": """", ""category_mix"": {}, ""classification"": ""kids_clothes""}"
instagram.com/p/CxvIaQ5qpRo,"{""reel_url"": ""https://www.instagram.com/p/CxvIaQ5qpRo"", ""fashion"": {""Kids Jackets"": {""colors"": [""Beige""], ""patterns"": [], ""brands"": [""H&M""]}, ""Kids Leggings"": {""colors"": [""Beige""], ""patterns"": [], ""brands"": [""H&M""]}, ""Kids Boots"": {""colors"": [""Black""], ""patterns"": [], ""brands"": [""H&M""]}}, ""comment"": """", ""category_mix"": {}, ""classification"": ""kids_clothes""}"
instagram.com/p/Cxu6gmBqGzO,"{""reel_url"": ""https://www.instagram.com/p/Cxu6gmBqGzO"", ""brands"": [""H&M""], ""verticals"": {""fashion"": {""Kids Dresses"": {""colors"": [""White"", ""Beige""], ""patterns"": [], ""brands"": [""H&M""]}, ""Kids Leggings"": {""colors"": [""Pink""], ""patterns"": [], ""brands"": [""H&M""]}, ""Kids Ballet Flats"": {""colors"": [""Black""], ""patterns"": [], ""brands"": [""H&M""]}}}, ""comment"": """", ""category_mix"": {""fashion"": [""Clothing""]}, ""classification"": ""kids_clothes""}"
instagram.com/p/CxutEkoKiT2,"{""reel_url"": ""https://www.instagram.com/p/CxutEkoKiT2"", ""fashion"": {""Kids Formal Shirts"": {""colors"": [""Charcoal""], ""patterns"": [""Checkered""], ""brands"": [""H&M""]}, ""Kids Trousers"": {""colors"": [""Charcoal""], ""patterns"": [""Checkered""], ""brands"": [""H&M""]}, ""Kids Boots"": {""colors"": [""Black""], ""patterns"": [], ""brands"": [""H&M""]}}, ""comment"": """", ""category_mix"": {}, ""classification"": ""kids_clothes""}"
instagram.com/p/CxsVt3MKkBd,"{""reel_url"": ""https://www.instagram.com/p/CxsVt3MKkBd"", ""brands"": [""HM""], ""verticals"": {""fashion"": {""Kids Skirts"": {""colors"": [""Olive""], ""patterns"": [], ""brands"": [""HM""]}, ""Kids Cardigans"": {""colors"": [""Beige""], ""patterns"": [], ""brands"": [""HM""]}, ""Kids Boots"": {""colors"": [""Black""], ""patterns"": [], ""brands"": [""HM""]}}}, ""comment"": """", ""category_mix"": {""fashion"": [""Clothing""]}, ""classification"": ""kids_clothes""}"
instagram.com/p/CxsBX9GKq5Q,"{""reel_url"": ""https://www.instagram.com/p/CxsBX9GKq5Q"", ""brands"": [""H&M""], ""verticals"": {""fashion"": {""Kids Hoodies"": {""colors"": [""Grey""], ""patterns"": [], ""brands"": [""H&M""]}, ""Kids Formal Shirts"": {""colors"": [""Blue"", ""White""], ""patterns"": [""Striped""], ""brands"": [""H&M""]}, ""Kids Jackets"": {""colors"": [""Black""], ""patterns"": [], ""brands"": [""H&M""]}, ""Kids Jeans"": {""colors"": [""Black""], ""patterns"": [], ""brands"": [""H&M""]}, ""Teen Shoes"": {""colors"": [""Black""], ""patterns"": [], ""brands"": [""H&M""]}}}, ""comment"": """", ""category_mix"": {""fashion"": [""Clothing""]}, ""classification"": ""kids_clothes""}"
instagram.com/p/Cxp-uglqzbw,"{""reel_url"": ""https://www.instagram.com/p/Cxp-uglqzbw"", ""fashion"": {""Kids Sweatshirts"": {""colors"": [""Pink""], ""patterns"": [], ""brands"": [""H&M""]}}, ""comment"": """", ""category_mix"": {}, ""classification"": ""kids_clothes""}"
instagram.com/p/CxpxXx2qYuv,"{""reel_url"": ""https://www.instagram.com/p/CxpxXx2qYuv"", ""fashion"": {""Kids Jackets"": {""colors"": [""Black"", ""White""], ""patterns"": [], ""brands"": [""H&M""]}, ""Kids Trousers"": {""colors"": [""Brown""], ""patterns"": [], ""brands"": [""H&M""]}}, ""comment"": """", ""category_mix"": {}, ""classification"": ""kids_clothes""}"
instagram.com/p/CxpdYLQK46R,"{""reel_url"": ""https://www.instagram.com/p/CxpdYLQK46R"", ""brands"": [""H&M""], ""fashion"": {""Kids Jackets"": {""colors"": [""Black"", ""White""], ""patterns"": [], ""brands"": [""H&M""]}, ""Kids Trousers"": {""colors"": [""Brown""], ""patterns"": [], ""brands"": [""H&M""]}, ""Kids Tops"": {""colors"": [""Purple""], ""patterns"": [], ""brands"": [""H&M""]}, ""Kids Shoes"": {""colors"": [""Black""], ""patterns"": [], ""brands"": []}}, ""comment"": """", ""category_mix"": {}, ""classification"": ""kids_clothes""}"
instagram.com/p/CxnaBThqQ5i,"{""reel_url"": ""https://www.instagram.com/p/CxnaBThqQ5i"", ""fashion"": {""Kids Caps"": {""colors"": [""Brown"", ""Beige""], ""patterns"": [""Checkered""], ""brands"": [""H&M""]}, ""Kids Jackets"": {""colors"": [""Brown"", ""Beige""], ""patterns"": [""Checkered""], ""brands"": [""H&M""]}}, ""comment"": """", ""category_mix"": {}, ""classification"": ""kids_clothes""}"
instagram.com/p/Cxm0WViKBHP,Error: Invalid URL 'None': No scheme supplied. Perhaps you meant https://None?
instagram.com/p/Cxfr1F5qm8v,"{""reel_url"": ""https://www.instagram.com/p/Cxfr1F5qm8v"", ""fashion"": {""Kids Sweatshirts"": {""colors"": [""Blue""], ""patterns"": [], ""brands"": [""H&M""]}, ""Kids Joggers"": {""colors"": [""Brown"", ""Beige""], ""patterns"": [""Checkered""], ""brands"": [""H&M""]}, ""Kids Shoes"": {""colors"": [""Black""], ""patterns"": [], ""brands"": [""H&M""]}}, ""comment"": """", ""category_mix"": {}, ""classification"": ""kids_clothes""}"
instagram.com/p/CxfelNvqq3V,"{""reel_url"": ""https://www.instagram.com/p/CxfelNvqq3V"", ""fashion"": {""Kids Caps"": {""colors"": [""Blue""], ""patterns"": [], ""brands"": [""H&M""]}, ""Kids Sweatshirts"": {""colors"": [""Blue""], ""patterns"": [], ""brands"": [""H&M""]}, ""Kids Joggers"": {""colors"": [""Beige"", ""Blue"", ""Brown""], ""patterns"": [""Checkered""], ""brands"": [""H&M""]}, ""Kids Loafers"": {""colors"": [""Black""], ""patterns"": [], ""brands"": [""H&M""]}}, ""comment"": """", ""category_mix"": {}, ""classification"": ""kids_clothes""}"
instagram.com/p/CxfJOd-qLTQ,"{""reel_url"": ""https://www.instagram.com/p/CxfJOd-qLTQ"", ""fashion"": {""Kids Sweaters"": {""colors"": [""Blue""], ""patterns"": [], ""brands"": [""H&M""]}}, ""comment"": """", ""category_mix"": {}, ""classification"": ""kids_clothes""}"
instagram.com/p/Cxc6UfAK-wd,"{""reel_url"": ""https://www.instagram.com/p/Cxc6UfAK-wd"", ""fashion"": {""Kids Jackets"": {""colors"": [""Brown"", ""Beige"", ""White""], ""patterns"": [""Checkered""], ""brands"": [""H&M""]}, ""Kids Sweatshirts"": {""colors"": [""Beige""], ""patterns"": [], ""brands"": [""H&M""]}, ""Kids Formal Shirts"": {""colors"": [""White""], ""patterns"": [], ""brands"": [""H&M""]}, ""Kids Chinos"": {""colors"": [""Brown""], ""patterns"": [], ""brands"": [""H&M""]}, ""Kids Tops"": {""colors"": [""Beige""], ""patterns"": [], ""brands"": [""H&M""]}, ""Kids Leggings"": {""colors"": [""Beige""], ""patterns"": [], ""brands"": [""H&M""]}}, ""comment"": """", ""category_mix"": {}, ""classification"": ""kids_clothes""}"
instagram.com/p/CxGLIgOto9y,"{""reel_url"": ""https://www.instagram.com/p/CxGLIgOto9y"", ""fashion"": {""Kids Sweatshirts"": {""colors"": [], ""patterns"": [], ""brands"": [""HMKids""]}}, ""comment"": ""\nPlease note that the photo is in black and white, which limits the ability to accurately determine the color of the sweater. Also, there are no visible patterns that can be discerned from this image. The brand mentioned in the caption has been included."", ""category_mix"": {}, ""classification"": ""kids_clothes""}"
instagram.com/p/CxF09x_NNE0,"{""reel_url"": ""https://www.instagram.com/p/CxF09x_NNE0"", ""fashion"": {""Kids Jackets"": {""colors"": [""Beige""], ""patterns"": [], ""brands"": [""H&M""]}, ""Kids Shoes"": {""colors"": [""Black""], ""patterns"": [], ""brands"": []}}, ""comment"": """", ""category_mix"": {}, ""classification"": ""kids_clothes""}"
instagram.com/p/CxFhYo7Nb2J,"{""reel_url"": ""https://www.instagram.com/p/CxFhYo7Nb2J"", ""fashion"": {""Kids Formal Shirts"": {""colors"": [""White""], ""patterns"": [], ""brands"": [""H&M""]}, ""Kids Sweaters"": {""colors"": [""Beige""], ""patterns"": [], ""brands"": [""H&M""]}, ""Kids Jeans"": {""colors"": [""Blue""], ""patterns"": [], ""brands"": [""H&M""]}, ""Kids Boots"": {""colors"": [""Black""], ""patterns"": [], ""brands"": [""H&M""]}, ""Kids Jackets"": {""colors"": [""Brown""], ""patterns"": [], ""brands"": [""H&M""]}}, ""comment"": ""\nPlease note that the image is in black and white, therefore, I provided colors based on the caption instead of the image itself."", ""category_mix"": {}, ""classification"": ""kids_clothes""}"
instagram.com/p/Cw7Gklwqtq5,Error: Invalid URL 'None': No scheme supplied. Perhaps you meant https://None?
instagram.com/p/Cw49AjTKeGO,"{""reel_url"": ""https://www.instagram.com/p/Cw49AjTKeGO"", ""fashion"": {""Kids Bodysuits"": {""colors"": [""White"", ""Black""], ""patterns"": [""Striped""], ""brands"": [""H&M""]}}, ""comment"": """", ""category_mix"": {}, ""classification"": ""kids_clothes""}"
instagram.com/p/Cw2dU6wq1YG,"{""reel_url"": ""https://www.instagram.com/p/Cw2dU6wq1YG"", ""fashion"": {""Kids Bodysuits"": {""colors"": [""White""], ""patterns"": [], ""brands"": [""H&M""]}}, ""comment"": """", ""category_mix"": {}, ""classification"": ""kids_clothes""}"
instagram.com/p/CwnWl6MI82r,Error: Invalid URL 'None': No scheme supplied. Perhaps you meant https://None?
instagram.com/p/CwnI2RzLt2c,"{""reel_url"": ""https://www.instagram.com/p/CwnI2RzLt2c"", ""brands"": [""H&M""], ""verticals"": {""fashion"": {""Kids Jackets"": {""colors"": [""Blue""], ""patterns"": [], ""brands"": [""H&M""]}, ""Kids Sweatshirts"": {""colors"": [""White"", ""Black""], ""patterns"": [""Striped""], ""brands"": [""H&M""]}, ""Kids Jeans"": {""colors"": [""Blue""], ""patterns"": [], ""brands"": [""H&M""]}, ""Kids Sneakers"": {""colors"": [""Blue"", ""White""], ""patterns"": [], ""brands"": [""H&M""]}}}, ""comment"": """", ""category_mix"": {""fashion"": [""Clothing""]}, ""classification"": ""kids_clothes""}"
instagram.com/p/Cwm7IYDoFFx,Error: Invalid URL 'None': No scheme supplied. Perhaps you meant https://None?
instagram.com/p/CwmtYpnI8WC,"{""reel_url"": ""https://www.instagram.com/p/CwmtYpnI8WC"", ""fashion"": {""Kids Jackets"": {""colors"": [""Blue"", ""Beige""], ""patterns"": [], ""brands"": [""H&M""]}, ""Kids Sweatshirts"": {""colors"": [""Black"", ""White""], ""patterns"": [""Striped""], ""brands"": [""H&M""]}, ""Kids Jeans"": {""colors"": [""Blue""], ""patterns"": [], ""brands"": [""H&M""]}}, ""comment"": """", ""category_mix"": {}, ""classification"": ""kids_clothes""}"
instagram.com/p/Cwmfqi1I7V3,Error: Invalid URL 'None': No scheme supplied. Perhaps you meant https://None?
instagram.com/p/CwmR68ro2JH,"{""reel_url"": ""https://www.instagram.com/p/CwmR68ro2JH"", ""fashion"": {""Kids Jackets"": {""colors"": [""Blue"", ""White""], ""patterns"": [], ""brands"": [""H&M""]}}, ""comment"": """", ""category_mix"": {}, ""classification"": ""kids_clothes""}"
instagram.com/p/CwXsFE0tbeY,"{""reel_url"": ""https://www.instagram.com/p/CwXsFE0tbeY"", ""fashion"": {""Kids T-shirts"": {""colors"": [""Yellow"", ""White""], ""patterns"": [], ""brands"": [""Smiley""]}, ""Kids Hoodies"": {""colors"": [""Black""], ""patterns"": [], ""brands"": [""Smiley""]}, ""Kids Jeans"": {""colors"": [""Blue""], ""patterns"": [], ""brands"": []}}, ""comment"": """", ""category_mix"": {}, ""classification"": ""kids_clothes""}"
instagram.com/p/CwXXfEgtOZD,"{""reel_url"": ""https://www.instagram.com/p/CwXXfEgtOZD"", ""verticals"": {""fashion"": {""Kids T-shirts"": {""colors"": [""White"", ""Yellow"", ""Black""], ""patterns"": [], ""brands"": [""HMKids"", ""smileyworld""]}}}, ""comment"": """", ""category_mix"": {""fashion"": [""Clothing""]}, ""classification"": ""kids_clothes""}"
instagram.com/p/CwXC4iAtlCn,"{""reel_url"": ""https://www.instagram.com/p/CwXC4iAtlCn"", ""brands"": [""Smileyworld""], ""verticals"": {""fashion"": {""Kids Formal Shirts"": {""colors"": [""White"", ""Black""], ""patterns"": [""Striped""], ""brands"": [""Smileyworld""]}, ""Kids Jeans"": {""colors"": [""Black""], ""patterns"": [], ""brands"": [""Smileyworld""]}, ""Kids Caps"": {""colors"": [""Black""], ""patterns"": [], ""brands"": []}}}, ""comment"": """", ""category_mix"": {""fashion"": [""Clothing""]}, ""classification"": ""kids_clothes""}"
instagram.com/p/CwVHSngoZsA,"{""reel_url"": ""https://www.instagram.com/p/CwVHSngoZsA"", ""fashion"": {""Kids Hoodies"": {""colors"": [""Yellow"", ""White""], ""patterns"": [], ""brands"": [""HMKids"", ""smileyworld""]}, ""Kids Jackets"": {""colors"": [""Blue""], ""patterns"": [], ""brands"": [""HMKids"", ""smileyworld""]}}, ""comment"": """", ""category_mix"": {}, ""classification"": ""kids_clothes""}"
instagram.com/p/CwUysEkM22r,"{""reel_url"": ""https://www.instagram.com/p/CwUysEkM22r"", ""fashion"": {""Kids Hoodies"": {""colors"": [""Yellow"", ""White""], ""patterns"": [], ""brands"": [""smileyworld""]}, ""Kids Jeans"": {""colors"": [""Blue""], ""patterns"": [], ""brands"": []}, ""Kids Jackets"": {""colors"": [""Blue""], ""patterns"": [], ""brands"": []}, ""Kids Sneakers"": {""colors"": [""Black"", ""White"", ""Grey""], ""patterns"": [], ""brands"": []}}, ""comment"": """", ""category_mix"": {}, ""classification"": ""kids_clothes""}"
instagram.com/p/CwUeFbrMxc-,"{""reel_url"": ""https://www.instagram.com/p/CwUeFbrMxc-"", ""fashion"": {""Kids Sweatshirts"": {""colors"": [""White"", ""Yellow"", ""Pink"", ""Blue"", ""Orange"", ""Purple""], ""patterns"": [""Ditsy""], ""brands"": [""Smileyworld""]}, ""Kids Jeans"": {""colors"": [""Blue""], ""patterns"": [], ""brands"": []}}, ""comment"": """", ""category_mix"": {}, ""classification"": ""kids_clothes""}"
instagram.com/p/CwP9sn2sIGx,"{""reel_url"": ""https://www.instagram.com/p/CwP9sn2sIGx"", ""fashion"": {""Kids Boots"": {""colors"": [""Pink"", ""Beige""], ""patterns"": [], ""brands"": [""H&M""]}}, ""comment"": """", ""category_mix"": {}, ""classification"": ""kids_products""}"
instagram.com/p/CwPpGnMsY95,Error: Invalid URL 'None': No scheme supplied. Perhaps you meant https://None?
instagram.com/p/CwPUf2AMiAM,"{""reel_url"": ""https://www.instagram.com/p/CwPUf2AMiAM"", ""fashion"": {""Kids Dungarees"": {""colors"": [""Brown""], ""patterns"": [], ""brands"": [""H&M""]}, ""Kids Jackets"": {""colors"": [""Beige"", ""Brown"", ""Pink"", ""White"", ""Maroon""], ""patterns"": [""Quilted""], ""brands"": [""H&M""]}, ""Kids T-shirts"": {""colors"": [""Green""], ""patterns"": [], ""brands"": [""H&M""]}}, ""comment"": """", ""category_mix"": {}, ""classification"": ""kids_clothes""}"
instagram.com/p/CwHs_JcMuUb,Error: Invalid URL 'None': No scheme supplied. Perhaps you meant https://None?
instagram.com/p/CwFV6qnskWw,"{""reel_url"": ""https://www.instagram.com/p/CwFV6qnskWw"", ""fashion"": {""Kids Cardigans"": {""colors"": [""Pink"", ""White"", ""Blue"", ""Beige""], ""patterns"": [""Striped""], ""brands"": []}, ""Kids Leggings"": {""colors"": [""Pink""], ""patterns"": [], ""brands"": []}, ""Kids Sneakers"": {""colors"": [""Blue"", ""Grey"", ""Pink""], ""patterns"": [], ""brands"": []}, ""Kids Backpacks"": {""colors"": [""Pink""], ""patterns"": [], ""brands"": []}}, ""comment"": """", ""category_mix"": {}, ""classification"": ""kids_clothes""}"
instagram.com/p/CwDFuHhKe3L,Error: 'data'
instagram.com/p/CwC2TGAIoRt,Error: 'data'
instagram.com/p/Cvzo-FGI7YC,Error: Invalid URL 'None': No scheme supplied. Perhaps you meant https://None?
instagram.com/p/Cvy_v58IFmG,"{""reel_url"": ""https://www.instagram.com/p/Cvy_v58IFmG"", ""fashion"": {""Teen Caps"": {""colors"": [""Black""], ""patterns"": [], ""brands"": [""H&M""]}, ""Teen Tops"": {""colors"": [""Grey""], ""patterns"": [], ""brands"": [""H&M""]}, ""Teen Trousers"": {""colors"": [""Black""], ""patterns"": [], ""brands"": [""H&M""]}, ""Teen Sneakers"": {""colors"": [""White"", ""Grey""], ""patterns"": [], ""brands"": [""H&M""]}, ""Teen Socks"": {""colors"": [""Black""], ""patterns"": [], ""brands"": [""H&M""]}}, ""comment"": """", ""category_mix"": {}, ""classification"": ""kids_clothes""}"
instagram.com/p/CvhSygANUex,"{""reel_url"": ""https://www.instagram.com/p/CvhSygANUex"", ""fashion"": {""Kids Caps"": {""colors"": [""Pink""], ""patterns"": [], ""brands"": [""H&M""]}, ""Kids Hoodies"": {""colors"": [""Pink""], ""patterns"": [], ""brands"": [""H&M""]}, ""Kids T-shirts"": {""colors"": [""White""], ""patterns"": [], ""brands"": [""H&M""]}, ""Kids Joggers"": {""colors"": [""Pink""], ""patterns"": [], ""brands"": [""H&M""]}}, ""comment"": """", ""category_mix"": {}, ""classification"": ""kids_clothes""}"
instagram.com/p/Cvg-L-iMrN5,"{""reel_url"": ""https://www.instagram.com/p/Cvg-L-iMrN5"", ""brands"": [""H&M""], ""verticals"": {""fashion"": {""Kids Hoodies"": {""colors"": [""Green""], ""patterns"": [], ""brands"": [""H&M""]}, ""Kids Joggers"": {""colors"": [""Green""], ""patterns"": [], ""brands"": [""H&M""]}, ""Kids T-shirts"": {""colors"": [""White""], ""patterns"": [], ""brands"": [""H&M""]}}}, ""comment"": """", ""category_mix"": {""fashion"": [""Clothing""]}, ""classification"": ""kids_clothes""}"
instagram.com/p/CvUa0vFu7mC,Error: Invalid URL 'None': No scheme supplied. Perhaps you meant https://None?
instagram.com/p/CvSD0dAtn5T,Error: 'data'
instagram.com/p/CvPgHXNu9dW,Error: Invalid URL 'None': No scheme supplied. Perhaps you meant https://None?
instagram.com/p/Cu9Pq4YNzsQ,Error: Invalid URL 'None': No scheme supplied. Perhaps you meant https://None?
instagram.com/p/Cu7UD6SsTrI,"{""reel_url"": ""https://www.instagram.com/p/Cu7UD6SsTrI"", ""fashion"": {""Kids Dresses"": {""colors"": [""Blue""], ""patterns"": [""Floral""], ""brands"": [""H&M""]}}, ""comment"": """", ""category_mix"": {}, ""classification"": ""kids_clothes""}"
instagram.com/p/Cu1TjlmsZ-2,Error: Invalid URL 'None': No scheme supplied. Perhaps you meant https://None?
instagram.com/p/Cuy8fidsuix,"{""reel_url"": ""https://www.instagram.com/p/Cuy8fidsuix"", ""fashion"": {""Kids Jackets"": {""colors"": [""Blue""], ""patterns"": [], ""brands"": [""H&M""]}, ""Kids Shorts"": {""colors"": [""White"", ""Beige""], ""patterns"": [], ""brands"": [""H&M""]}, ""Kids Tops"": {""colors"": [""Black"", ""Blue""], ""patterns"": [], ""brands"": [""H&M""]}, ""Kids Sneakers"": {""colors"": [""Beige""], ""patterns"": [], ""brands"": [""H&M""]}}, ""comment"": """", ""category_mix"": {}, ""classification"": ""kids_clothes""}"
instagram.com/p/Cuo95ZaqN8H,"{""reel_url"": ""https://www.instagram.com/p/Cuo95ZaqN8H"", ""fashion"": {""Kids Pyjamas"": {""colors"": [""White""], ""patterns"": [], ""brands"": [""H&M""]}, ""Kids Caps"": {""colors"": [""White""], ""patterns"": [], ""brands"": [""H&M""]}}, ""comment"": """", ""category_mix"": {}, ""classification"": ""kids_clothes""}"
instagram.com/p/CuoyfOYNQ5O,"{""reel_url"": ""https://www.instagram.com/p/CuoyfOYNQ5O"", ""fashion"": {""Kids Trousers"": {""colors"": [""White""], ""patterns"": [], ""brands"": [""HMKids""]}, ""Kids Pyjamas"": {""colors"": [""Grey""], ""patterns"": [], ""brands"": [""HMKids""]}}, ""comment"": """", ""category_mix"": {}, ""classification"": ""kids_clothes""}"
instagram.com/p/CumSeAUor5C,"{""reel_url"": ""https://www.instagram.com/p/CumSeAUor5C"", ""fashion"": {""Kids Dresses"": {""colors"": [""White""], ""patterns"": [], ""brands"": [""H&M""]}, ""Kids Sandals"": {""colors"": [""White"", ""Lavender""], ""patterns"": [], ""brands"": [""H&M""]}, ""Kids Caps"": {""colors"": [""Beige""], ""patterns"": [], ""brands"": [""H&M""]}}, ""comment"": """", ""category_mix"": {}, ""classification"": ""kids_clothes""}"
instagram.com/p/Cujfut0Mm6f,Error: Invalid URL 'None': No scheme supplied. Perhaps you meant https://None?
instagram.com/p/Cugu5nqMl4C,"{""reel_url"": ""https://www.instagram.com/p/Cugu5nqMl4C"", ""brands"": [""H&M""], ""verticals"": {""fashion"": {""Kids Sandals"": {""colors"": [""Beige""], ""patterns"": [], ""brands"": [""H&M""]}, ""Kids Shorts"": {""colors"": [""Yellow"", ""White""], ""patterns"": [""Checkered""], ""brands"": [""H&M""]}, ""Kids Tops"": {""colors"": [""White""], ""patterns"": [], ""brands"": [""H&M""]}}}, ""comment"": """", ""category_mix"": {""fashion"": [""Clothing""]}, ""classification"": ""kids_clothes""}"
instagram.com/p/Cueqw78qbiF,Error: Could not read the image file.
instagram.com/p/Cub_ElVqLMh,Error: Invalid URL 'None': No scheme supplied. Perhaps you meant https://None?
instagram.com/p/CuZTZ4DMBk-,Error: Invalid URL 'None': No scheme supplied. Perhaps you meant https://None?
instagram.com/p/CuW8XSGIQ5s,Error: Could not read the image file.
instagram.com/p/CuWnvWhOhNl,Error: Invalid URL 'None': No scheme supplied. Perhaps you meant https://None?
instagram.com/p/CuWTJKNOLMH,Error: Invalid URL 'None': No scheme supplied. Perhaps you meant https://None?
instagram.com/p/CuEeKwjsUOq,Error: Invalid URL 'None': No scheme supplied. Perhaps you meant https://None?
instagram.com/p/CuCBYhKMsYe,"{""reel_url"": ""https://www.instagram.com/p/CuCBYhKMsYe"", ""fashion"": {""Kids Dresses"": {""colors"": [""Blue""], ""patterns"": [], ""brands"": [""H&M""]}, ""Kids T-shirts"": {""colors"": [""White"", ""Pink""], ""patterns"": [], ""brands"": [""H&M""]}, ""Kids Skirts"": {""colors"": [""Blue""], ""patterns"": [], ""brands"": [""H&M""]}}, ""comment"": """", ""category_mix"": {}, ""classification"": ""kids_clothes""}"
instagram.com/p/CuBwMSvNgHe,"{""reel_url"": ""https://www.instagram.com/p/CuBwMSvNgHe"", ""brands"": [""H&M""], ""verticals"": {""fashion"": {""Kids Tops"": {""colors"": [""White""], ""patterns"": [], ""brands"": [""H&M""]}, ""Kids Leggings"": {""colors"": [""Pink""], ""patterns"": [], ""brands"": [""H&M""]}, ""Kids Sandals"": {""colors"": [""Pink"", ""White""], ""patterns"": [], ""brands"": [""H&M""]}, ""Kids Bags"": {""colors"": [""Pink"", ""Silver""], ""patterns"": [], ""brands"": [""H&M""]}}}, ""comment"": """", ""category_mix"": {""fashion"": [""Clothing""]}, ""classification"": ""kids_clothes""}"
instagram.com/p/Ct88A8EtkOW,"{""reel_url"": ""https://www.instagram.com/p/Ct88A8EtkOW"", ""Brands"": [""H&M""], ""verticals"": {""fashion"": {""Kids T-shirts"": {""colors"": [""White"", ""Teal""], ""patterns"": [""Striped""], ""brands"": [""H&M""]}, ""Kids Shorts"": {""colors"": [""White"", ""Teal""], ""patterns"": [], ""brands"": [""H&M""]}, ""Kids Shoes"": {""colors"": [""Beige""], ""patterns"": [], ""brands"": [""H&M""]}}}, ""comment"": """", ""category_mix"": {""fashion"": [""Clothing""]}, ""classification"": ""kids_clothes""}"
instagram.com/p/CtyzkGMMJCu,Error: Invalid URL 'None': No scheme supplied. Perhaps you meant https://None?
instagram.com/p/CtwRK7qMpnB,"{""reel_url"": ""https://www.instagram.com/p/CtwRK7qMpnB"", ""fashion"": {""Kids Bodysuits"": {""colors"": [""Peach"", ""White"", ""Mint"", ""Beige""], ""patterns"": [], ""brands"": [""H&M""]}}, ""comment"": """", ""category_mix"": {}, ""classification"": ""kids_clothes""}"
instagram.com/p/CtthawrMFCp,"{""reel_url"": ""https://www.instagram.com/p/CtthawrMFCp"", ""fashion"": {""Kids Bodysuits"": {""colors"": [""Charcoal"", ""Pink""], ""patterns"": [], ""brands"": [""H&M""]}}, ""comment"": """", ""category_mix"": {}, ""classification"": ""kids_clothes""}"
instagram.com/p/Ctlz-0BrWp4,"{""reel_url"": ""https://www.instagram.com/p/Ctlz-0BrWp4"", ""brands"": [""H&M""], ""verticals"": {""fashion"": {""Kids Caps"": {""colors"": [""Beige""], ""patterns"": [], ""brands"": [""H&M""]}, ""Kids Tops"": {""colors"": [""Yellow""], ""patterns"": [], ""brands"": [""H&M""]}}}, ""comment"": """", ""category_mix"": {""fashion"": [""Clothing""]}, ""classification"": ""kids_clothes""}"
instagram.com/p/CtlR_RiNL75,Error: Invalid URL 'None': No scheme supplied. Perhaps you meant https://None?
instagram.com/p/CtjSgDOLxOU,"{""reel_url"": ""https://www.instagram.com/p/CtjSgDOLxOU"", ""fashion"": {""Kids Dresses"": {""colors"": [""Green"", ""White""], ""patterns"": [""Floral""], ""brands"": [""H&M""]}}, ""comment"": """", ""category_mix"": {}, ""classification"": ""kids_clothes""}"
instagram.com/p/Ctg8CUrNghw,Error: Invalid URL 'None': No scheme supplied. Perhaps you meant https://None?
instagram.com/p/Ctg7Ws0tJJO,"{""reel_url"": ""https://www.instagram.com/p/Ctg7Ws0tJJO"", ""fashion"": {""Kids Dresses"": {""colors"": [""Pink"", ""White""], ""patterns"": [""Checkered""], ""brands"": [""H&M""]}, ""Kids Caps"": {""colors"": [""Beige""], ""patterns"": [], ""brands"": [""H&M""]}}, ""comment"": """", ""category_mix"": {}, ""classification"": ""kids_clothes""}"
instagram.com/p/CtTrYsHIEHi,"{""reel_url"": ""https://www.instagram.com/p/CtTrYsHIEHi"", ""fashion"": {""Kids Swimwear"": {""brands"": [""H&M""], ""colors"": [""Pink"", ""White""], ""patterns"": []}}, ""comment"": """", ""category_mix"": {}, ""classification"": ""kids_clothes""}"
instagram.com/p/CtRbCLARZsP,Error: Invalid URL 'None': No scheme supplied. Perhaps you meant https://None?
instagram.com/p/CtOjp5vRxr5,"{""reel_url"": ""https://www.instagram.com/p/CtOjp5vRxr5"", ""brands"": [""H&M""], ""verticals"": {""fashion"": {""Kids Swimwear"": {""colors"": [""Orange"", ""Pink"", ""Yellow"", ""Blue"", ""Green""], ""patterns"": [""Striped""], ""brands"": [""H&M""]}, ""Kids Caps"": {""colors"": [""Green""], ""patterns"": [], ""brands"": [""H&M""]}}}, ""comment"": """", ""category_mix"": {""fashion"": [""Clothing""]}, ""classification"": ""kids_clothes""}"
instagram.com/p/CtJsuxIoV5J,Error: Invalid URL 'None': No scheme supplied. Perhaps you meant https://None?
instagram.com/p/CtJa3BJouQs,"{""reel_url"": ""https://www.instagram.com/p/CtJa3BJouQs"", ""fashion"": {""Kids Swimwear"": {""brands"": [""H&M""], ""colors"": [""Black""], ""patterns"": []}, ""Kids Caps"": {""brands"": [""H&M""], ""colors"": [""Grey""], ""patterns"": []}}, ""comment"": """", ""category_mix"": {}, ""classification"": ""kids_clothes""}"
instagram.com/p/Cs9mNq7MU0X,"{""reel_url"": ""https://www.instagram.com/p/Cs9mNq7MU0X"", ""fashion"": {""Kids Tops"": {""colors"": [""White"", ""Turquoise"", ""Coral"", ""Yellow"", ""Pink"", ""Purple"", ""Blue""], ""patterns"": [""Floral""], ""brands"": [""H&M""]}}, ""comment"": """", ""category_mix"": {}, ""classification"": ""kids_clothes""}"
instagram.com/p/Cs9RDrps7uB,"{""reel_url"": ""https://www.instagram.com/p/Cs9RDrps7uB"", ""brands"": [""H&M""], ""verticals"": {""fashion"": {""Kids Caps"": {""colors"": [""Turquoise"", ""Brown"", ""Pink""], ""patterns"": [""Floral""], ""brands"": [""H&M""]}, ""Kids Swimwear"": {""colors"": [""Turquoise"", ""Pink"", ""Blue""], ""patterns"": [""Floral""], ""brands"": [""H&M""]}}}, ""comment"": """", ""category_mix"": {""fashion"": [""Clothing""]}, ""classification"": ""kids_clothes""}"
instagram.com/p/Cs8xRvfMUPd,"{""reel_url"": ""https://www.instagram.com/p/Cs8xRvfMUPd"", ""fashion"": {""Kids Tops"": {""colors"": [""White""], ""patterns"": [""Floral""], ""brands"": [""HMKids""]}, ""Kids Leggings"": {""colors"": [""Silver"", ""Purple""], ""patterns"": [], ""brands"": [""HMKids""]}}, ""comment"": """", ""category_mix"": {}, ""classification"": ""kids_clothes""}"
instagram.com/p/Cs3wqqlsLpp,Error: Invalid URL 'None': No scheme supplied. Perhaps you meant https://None?
instagram.com/p/Cs3cmv1M5s2,Error: Invalid URL 'None': No scheme supplied. Perhaps you meant https://None?
instagram.com/p/CsycDzGtHT4,"{""reel_url"": ""https://www.instagram.com/p/CsycDzGtHT4"", ""brands"": [""H&M""], ""verticals"": {""fashion"": {""Kids T-shirts"": {""colors"": [""White""], ""patterns"": [], ""brands"": [""H&M""]}, ""Kids Shorts"": {""colors"": [""Beige""], ""patterns"": [], ""brands"": [""H&M""]}, ""Kids Caps"": {""colors"": [""White""], ""patterns"": [], ""brands"": [""H&M""]}}}, ""comment"": """", ""category_mix"": {""fashion"": [""Clothing""]}, ""classification"": ""kids_clothes""}"
